title,byline,link,issue_number,date,category
Mom Heart,by Will McIntosh,https://clarkesworldmagazine.com/mcintosh_11_21,ISSUE 182 , November 2021,Fiction
Dark Waters Still Flow,by Alice Towey,https://clarkesworldmagazine.com/towey_11_21,ISSUE 182 , November 2021,Fiction
"This Stitch, This Time",by Anna Martino,https://clarkesworldmagazine.com/martino_11_21,ISSUE 182 , November 2021,Fiction
City of Eternity,"by Pan Haitian, translated by Carmen Yiling Yan",https://clarkesworldmagazine.com/pan_11_21,ISSUE 182 , November 2021,Fiction
The Language Birds Speak,by Rebecca Campbell,https://clarkesworldmagazine.com/campbell_11_21,ISSUE 182 , November 2021,Fiction
Between Zero and One There is Infinity,by Shari Paul,https://clarkesworldmagazine.com/paul_11_21,ISSUE 182 , November 2021,Fiction
The Death Haiku of the Azure Five,by L Chan,https://clarkesworldmagazine.com/chan_11_21,ISSUE 182 , November 2021,Fiction
Navigating the Storms of the Mind,by Douglas F. Dluzen,https://clarkesworldmagazine.com/dluzen_11_21,ISSUE 182 , November 2021,Non-fiction
Celebrating the Diversity of Chinese Culture: A Conversation with Xueting Christine Ni,by Arley Sorg,https://clarkesworldmagazine.com/ni_interview,ISSUE 182 , November 2021,Non-fiction
Explicit Queerness: A Conversation with Charlie Jane Anders,by Arley Sorg,https://clarkesworldmagazine.com/anders_interview_2021,ISSUE 182 , November 2021,Non-fiction
Editor's Desk: Changing the Conventional Wisdom,by Neil Clarke,https://clarkesworldmagazine.com/clarke_11_21,ISSUE 182 , November 2021,Non-fiction
Space Cadet,by Pascal Blanché,https://clarkesworldmagazine.com/artbio_182,ISSUE 182 , November 2021,Cover
The Cold Calculations,by Aimee Ogden,https://clarkesworldmagazine.com/ogden_12_21,ISSUE 183 , December 2021,Fiction
Beneath the Earth Where the Nymphs Sleep,by Meghan Feldman,https://clarkesworldmagazine.com/feldman_12_21,ISSUE 183 , December 2021,Fiction
Vegvísir,by David Goodman,https://clarkesworldmagazine.com/goodman_12_21,ISSUE 183 , December 2021,Fiction
You Are Born Exploding,by Rich Larson,https://clarkesworldmagazine.com/larson_12_21,ISSUE 183 , December 2021,Fiction
Other Stories,"by Wang Yuan, translated by Andy Dudak",https://clarkesworldmagazine.com/wang_12_21,ISSUE 183 , December 2021,Fiction
"Just One Step, and Then the Next",by E. N. Díaz,https://clarkesworldmagazine.com/diaz_12_21,ISSUE 183 , December 2021,Fiction
A Series of Endings,by Amal Singh,https://clarkesworldmagazine.com/singh_12_21,ISSUE 183 , December 2021,Fiction
A Universe of Possibilities: Planets of Red Dwarfs,by Julie Nováková,https://clarkesworldmagazine.com/novakova_12_21,ISSUE 183 , December 2021,Non-fiction
Navigating the Seas of South Asian Diversity: A Conversation with Tarun K. Saint,by Arley Sorg,https://clarkesworldmagazine.com/saint_interview,ISSUE 183 , December 2021,Non-fiction
A Whole New Realm: A Conversation with Diana M. Pho,by Arley Sorg,https://clarkesworldmagazine.com/pho_interview,ISSUE 183 , December 2021,Non-fiction
Editor's Desk: Worldcon Bound,by Neil Clarke,https://clarkesworldmagazine.com/clarke_12_21,ISSUE 183 , December 2021,Non-fiction
The Variable Man,by Douglas P. Lobo,https://clarkesworldmagazine.com/artbio_183,ISSUE 183 , December 2021,Cover
The Uncurling of Samsara,by Koji A. Dae,https://clarkesworldmagazine.com/dae_01_22,ISSUE 184 , January 2022,Fiction
The Lion and the Virgin,by Megan J. Kerr,https://clarkesworldmagazine.com/kerr_01_22,ISSUE 184 , January 2022,Fiction
"The Five Rules of Supernova Surfing or A For Real Solution to the Fermi Paradox, Bro",by Geoffrey W. Cole,https://clarkesworldmagazine.com/cole_01_22,ISSUE 184 , January 2022,Fiction
Bishop's Opening,by R.S.A. Garcia,https://clarkesworldmagazine.com/garcia_01_22,ISSUE 184 , January 2022,Fiction
No One at the Wild Dock,"by Gu Shi, translated by S. Qiouyi Lu",https://clarkesworldmagazine.com/gu_01_22,ISSUE 184 , January 2022,Fiction
Learning to Hate Yourself as a Self-Defense Mechanism,by Andrea Kriz,https://clarkesworldmagazine.com/kriz_01_22,ISSUE 184 , January 2022,Fiction
For Whom the Psychopomp Calls,by Filip Hajdar Drnovšek Zorko,https://clarkesworldmagazine.com/drnovsek-zorko_01_22,ISSUE 184 , January 2022,Fiction
Zero-g Zoo: Trying to Solve Reproduction in Space,by Julie Nováková,https://clarkesworldmagazine.com/novakova_01_22,ISSUE 184 , January 2022,Non-fiction
Working Towards Legacy: A Conversation with Ann & Jeff VanderMeer,by Arley Sorg,https://clarkesworldmagazine.com/vandermeers_interview,ISSUE 184 , January 2022,Non-fiction
It’s . . . Complicated: A Conversation with James S.A. Corey,by Arley Sorg,https://clarkesworldmagazine.com/corey_interview_2022,ISSUE 184 , January 2022,Non-fiction
Editor’s Desk: 2021 in Review,by Neil Clarke,https://clarkesworldmagazine.com/clarke_01_22,ISSUE 184 , January 2022,Non-fiction
Return to Heaven 7,by Zezhou Chen,https://clarkesworldmagazine.com/artbio_184,ISSUE 184 , January 2022,Cover
The Massage Lady at Munjeong Road Bathhouse,by Isabel J. Kim,https://clarkesworldmagazine.com/kim_02_22,ISSUE 185 , February 2022,Fiction
The Plasticity of Youth,by Marissa Lingen,https://clarkesworldmagazine.com/lingen_02_22,ISSUE 185 , February 2022,Fiction
You're Not the Only One,by Octavia Cade,https://clarkesworldmagazine.com/cade_02_22,ISSUE 185 , February 2022,Fiction
Informed Consent Logs from the Soul Swap Clinic,by Sarah Pauling,https://clarkesworldmagazine.com/pauling_02_22,ISSUE 185 , February 2022,Fiction
The Old Moon,by John McNeil,https://clarkesworldmagazine.com/mcneil_02_22,ISSUE 185 , February 2022,Fiction
The Direction of Clocks,by Jess Levine,https://clarkesworldmagazine.com/levine_02_22,ISSUE 185 , February 2022,Fiction
Babirusa,by Arula Ratnakar,https://clarkesworldmagazine.com/ratnakar_02_22,ISSUE 185 , February 2022,Fiction
COVID-19 and the Mental Health Crisis,by Douglas F. Dluzen,https://clarkesworldmagazine.com/dluzen_02_22,ISSUE 185 , February 2022,Non-fiction
Community and Story: A Conversation with Zoraida Córdova,by Arley Sorg,https://clarkesworldmagazine.com/cordova_interview,ISSUE 185 , February 2022,Non-fiction
Staying Loose: A Conversation with Max Gladstone,by Arley Sorg,https://clarkesworldmagazine.com/gladstone_interview,ISSUE 185 , February 2022,Non-fiction
Editor's Desk: 2021 Reader's Poll Finalists,by Neil Clarke,https://clarkesworldmagazine.com/clarke_02_22,ISSUE 185 , February 2022,Non-fiction
Talk,by JC Jongwon Park,https://clarkesworldmagazine.com/artbio_185,ISSUE 185 , February 2022,Cover
The Dragon Project,by Naomi Kritzer,https://clarkesworldmagazine.com/kritzer_03_22,ISSUE 186 , March 2022,Fiction
Saturn Devouring His Son,by EA Mylonas,https://clarkesworldmagazine.com/mylonas_03_22,ISSUE 186 , March 2022,Fiction
Rain of Days,by Ray Nayler,https://clarkesworldmagazine.com/nayler_03_22,ISSUE 186 , March 2022,Fiction
The Memory of Water,by Tegan Moore,https://clarkesworldmagazine.com/moore_03_22,ISSUE 186 , March 2022,Fiction
Wanting Things,by Cal Ritterhoff,https://clarkesworldmagazine.com/ritterhoff_03_22,ISSUE 186 , March 2022,Fiction
It Takes a Village,by Priya Chand,https://clarkesworldmagazine.com/chand_03_22,ISSUE 186 , March 2022,Fiction
Meddling Fields,by R.T. Ester,https://clarkesworldmagazine.com/ester_03_22,ISSUE 186 , March 2022,Fiction
Commencement Address,"by Arthur Liu, translated by Stella Jiayue Zhu",https://clarkesworldmagazine.com/liu_03_22,ISSUE 186 , March 2022,Fiction
Validating Rage: Women in Horror,by Carrie Sessarego,https://clarkesworldmagazine.com/sessarego_03_22,ISSUE 186 , March 2022,Non-fiction
Breaking the Gender Barrier: A Conversation with Regina Kanyu Wang and Yu Chen,by Arley Sorg,https://clarkesworldmagazine.com/wang-chen_interview,ISSUE 186 , March 2022,Non-fiction
Friendship in the Time Of Kaiju: A Conversation with John Scalzi,by Arley Sorg,https://clarkesworldmagazine.com/scalzi_interview_2022,ISSUE 186 , March 2022,Non-fiction
Editor's Desk: The Best from 2021,by Neil Clarke,https://clarkesworldmagazine.com/clarke_03_22,ISSUE 186 , March 2022,Non-fiction
SurtiBot and Mister Oink,by Alejandro Burdisio,https://clarkesworldmagazine.com/artbio_186,ISSUE 186 , March 2022,Cover
Doc Luckless and the Stationmistress,by Thoraiya Dyer,https://clarkesworldmagazine.com/dyer_04_22,ISSUE 187 , April 2022,Fiction
Two Spacesuits,by Leonard Richardson,https://clarkesworldmagazine.com/richardson_04_22,ISSUE 187 , April 2022,Fiction
Dream Factory,by Greg Egan,https://clarkesworldmagazine.com/egan_04_22,ISSUE 187 , April 2022,Fiction
Hanuman the Monkey King,"by Pan Haitian, translated by Emily Jin",https://clarkesworldmagazine.com/pan_04_22,ISSUE 187 , April 2022,Fiction
An Expression of Silence,by Beth Goder,https://clarkesworldmagazine.com/goder_04_22,ISSUE 187 , April 2022,Fiction
An Urge To Create Honey,by Martin Cahill,https://clarkesworldmagazine.com/cahill_04_22,ISSUE 187 , April 2022,Fiction
"The Carrion Droid, Zoe, and a Small Flame",by Parker Ragland,https://clarkesworldmagazine.com/ragland_04_22,ISSUE 187 , April 2022,Fiction
Finding Endor: The Quest for Habitable Exomoons,by Julie Nováková,https://clarkesworldmagazine.com/novakova_04_22,ISSUE 187 , April 2022,Non-fiction
A Whole World of SFF: A Conversation with Rachel Cordasco,by Arley Sorg,https://clarkesworldmagazine.com/cordasco_interview,ISSUE 187 , April 2022,Non-fiction
Unpredictable Changes and Surprises: A Conversation with Djuna,by Gord Sellar and Jihyun Park,https://clarkesworldmagazine.com/djuna_interview,ISSUE 187 , April 2022,Non-fiction
"Editor's Desk: Looking Ahead, 2022 Edition",by Neil Clarke,https://clarkesworldmagazine.com/clarke_04_22,ISSUE 187 , April 2022,Non-fiction
Ashes,by Yuumei,https://clarkesworldmagazine.com/artbio_187,ISSUE 187 , April 2022,Cover
Wants Pawn Term,by Rich Larson,https://clarkesworldmagazine.com/larson_05_22,ISSUE 188 , May 2022,Fiction
Tea Parties around Nebula-55,by Adriana C. Grigore,https://clarkesworldmagazine.com/grigore_05_22,ISSUE 188 , May 2022,Fiction
Hatching,by Bo Balder,https://clarkesworldmagazine.com/balder_05_22,ISSUE 188 , May 2022,Fiction
Kora Is Life,by David D. Levine,https://clarkesworldmagazine.com/levine_05_22,ISSUE 188 , May 2022,Fiction
The Possibly Brief Life of Guang Hansheng,"by Liang Qingsan, translated by Andy Dudak",https://clarkesworldmagazine.com/liang_05_22,ISSUE 188 , May 2022,Fiction
A Manual on Different Options of How to Bring A Loved One to Life,by Oyedotun Damilola Muees,https://clarkesworldmagazine.com/muees_05_22,ISSUE 188 , May 2022,Fiction
Gamma,"by Oskar Källner, translated by Gordon James Jones",https://clarkesworldmagazine.com/kallner_05_22,ISSUE 188 , May 2022,Fiction
Of Time and Travel,by Galen T. Pickett,https://clarkesworldmagazine.com/pickett_05_22,ISSUE 188 , May 2022,Non-fiction
Making Short Work of Commentary: A Conversation with Dennard Dayle,by Arley Sorg,https://clarkesworldmagazine.com/dayle_interview,ISSUE 188 , May 2022,Non-fiction
More Complex Than Caricature: A Conversation with Alex Shvartsman & Tarryn Thomas,by Arley Sorg,https://clarkesworldmagazine.com/shvartsman-thomas_interview,ISSUE 188 , May 2022,Non-fiction
Editor's Desk: Recognition,by Neil Clarke,https://clarkesworldmagazine.com/clarke_05_22,ISSUE 188 , May 2022,Non-fiction
Shrine of Nameless Stars,by Daniel Ignacio,https://clarkesworldmagazine.com/artbio_188,ISSUE 188 , May 2022,Cover
Company Town,by Aimee Ogden,https://clarkesworldmagazine.com/ogden_06_22,ISSUE 189 , June 2022,Fiction
The Art of Navigating an Affair in a Time Rift,by Nika Murphy,https://clarkesworldmagazine.com/murphy_06_22,ISSUE 189 , June 2022,Fiction
Manjar dos Deuses,by Anna Martino,https://clarkesworldmagazine.com/martino_06_22,ISSUE 189 , June 2022,Fiction
The Odyssey Problem,by Chris Willrich,https://clarkesworldmagazine.com/willrich_06_22,ISSUE 189 , June 2022,Fiction
Inhuman Lovers,"by Chen Qian, translated by Carmen Yiling Yan",https://clarkesworldmagazine.com/chen_06_22,ISSUE 189 , June 2022,Fiction
We Built This City,by Marie Vibbert,https://clarkesworldmagazine.com/vibbert_06_22,ISSUE 189 , June 2022,Fiction
Marsbodies,by Adele Gardner,https://clarkesworldmagazine.com/gardner_06_22,ISSUE 189 , June 2022,Fiction
Visitors From Other Stars: The First Interstellar Objects,by Pauline Barmby,https://clarkesworldmagazine.com/barmby_06_22,ISSUE 189 , June 2022,Non-fiction
A Whole New Wonderful Nightmare: A Conversation with Sam J. Miller,by Arley Sorg,https://clarkesworldmagazine.com/miller_interview,ISSUE 189 , June 2022,Non-fiction
Everyday Dystopia: A Conversation with Samit Basu,by Arley Sorg,https://clarkesworldmagazine.com/basu_interview,ISSUE 189 , June 2022,Non-fiction
Editor's Desk: Managing This Expectation,by Neil Clarke,https://clarkesworldmagazine.com/clarke_06_22,ISSUE 189 , June 2022,Non-fiction
The Pod,by Eddie Mendoza,https://clarkesworldmagazine.com/artbio_189,ISSUE 189 , June 2022,Cover
The Forgotten,by Eliane Boey,https://clarkesworldmagazine.com/boey_07_22,ISSUE 190 , July 2022,Fiction
To Be,by Ahmed Asi,https://clarkesworldmagazine.com/asi_07_22,ISSUE 190 , July 2022,Fiction
Carapace,by David Goodman,https://clarkesworldmagazine.com/goodman_07_22,ISSUE 190 , July 2022,Fiction
The Sadness Box,by Suzanne Palmer,https://clarkesworldmagazine.com/palmer_07_22,ISSUE 190 , July 2022,Fiction
The Strange Girl,"by Xiu Xinyu, translated by Emily Jin",https://clarkesworldmagazine.com/xiu_07_22,ISSUE 190 , July 2022,Fiction
Termination Stories for the Cyberpunk Dystopia Protagonist,by Isabel J. Kim,https://clarkesworldmagazine.com/kim_07_22,ISSUE 190 , July 2022,Fiction
Reef Renewal Foundation Bonaire: Hope on a Small Island,by E.E. King,https://clarkesworldmagazine.com/king_07_22,ISSUE 190 , July 2022,Non-fiction
Mushrooms Sprout From Dead Things: A Conversation with Silvia Moreno-Garcia,by Arley Sorg,https://clarkesworldmagazine.com/moreno-garcia_interview,ISSUE 190 , July 2022,Non-fiction
Dirty Words: A Conversation with Eileen Gunn,by Arley Sorg,https://clarkesworldmagazine.com/gunn_interview_2022,ISSUE 190 , July 2022,Non-fiction
Editor's Desk: I'm Still Here,by Neil Clarke,https://clarkesworldmagazine.com/clarke_07_22,ISSUE 190 , July 2022,Non-fiction
Red Sand Planet Sightseeing,by Henrik Lundblad,https://clarkesworldmagazine.com/artbio_190,ISSUE 190 , July 2022,Cover
"Tender, Tether, Shell",by M. J. Pettit,https://clarkesworldmagazine.com/pettit_08_22,ISSUE 191 , August 2022,Fiction
The Pirate's Consigliere,by Bo Balder,https://clarkesworldmagazine.com/balder_08_22,ISSUE 191 , August 2022,Fiction
Pollatomish,by Finbarr O’Reilly,https://clarkesworldmagazine.com/oreilly_08_22,ISSUE 191 , August 2022,Fiction
Polly and (Not) Charles Conquer the Solar System,by Carrie Vaughn,https://clarkesworldmagazine.com/vaughn_08_22,ISSUE 191 , August 2022,Fiction
Slight Forms,by R.T. Ester,https://clarkesworldmagazine.com/ester_08_22,ISSUE 191 , August 2022,Fiction
The Scene of the Crime,by Leonard Richardson,https://clarkesworldmagazine.com/richardson_08_22,ISSUE 191 , August 2022,Fiction
Migratory Patterns of the Modern American Skyscraper,by Derrick Boden,https://clarkesworldmagazine.com/boden_08_22,ISSUE 191 , August 2022,Fiction
To Bear Witness: The Polar Bear as Refugee in Speculative Fiction,by Octavia Cade,https://clarkesworldmagazine.com/cade_08_22,ISSUE 191 , August 2022,Non-fiction
Abstract Concepts: A Conversation with Ashley Mackenzie,by Arley Sorg,https://clarkesworldmagazine.com/mackenzie_interview,ISSUE 191 , August 2022,Non-fiction
War and Peace: A Conversation with Anya Ow,by Arley Sorg,https://clarkesworldmagazine.com/ow_interview,ISSUE 191 , August 2022,Non-fiction
Editor's Desk: Aristotle Would Be Disappointed,by Neil Clarke,https://clarkesworldmagazine.com/clarke_08_22,ISSUE 191 , August 2022,Non-fiction
Transport Walker,by Hamish Frater,https://clarkesworldmagazine.com/artbio_191,ISSUE 191 , August 2022,Cover
The Slow Deaths of Automobiles,by Fiona Moore,https://clarkesworldmagazine.com/moore_09_22,ISSUE 192 , September 2022,Fiction
Border Run,by Octavia Cade,https://clarkesworldmagazine.com/cade_09_22,ISSUE 192 , September 2022,Fiction
Sub-son,by Amal Singh,https://clarkesworldmagazine.com/singh_09_22,ISSUE 192 , September 2022,Fiction
Shining Bursa and the Listening Post,by Sarah Pauling,https://clarkesworldmagazine.com/pauling_09_22,ISSUE 192 , September 2022,Fiction
Live Update,by Lettie Prell,https://clarkesworldmagazine.com/prell_09_22,ISSUE 192 , September 2022,Fiction
Timekeepers' Symphony,by Ken Liu,https://clarkesworldmagazine.com/liu_09_22,ISSUE 192 , September 2022,Fiction
Rivers Bend,by James Sallis,https://clarkesworldmagazine.com/sallis_09_22,ISSUE 192 , September 2022,Fiction
The White Tree of Gondor: A Brief Overview of Modern Ukrainian SF&F,by Volodymyr Arenev and Mykhailo Nazarenko,https://clarkesworldmagazine.com/arenev_nazarenko_09_22,ISSUE 192 , September 2022,Non-fiction
Intersectional Communities: A Conversation with Tory Stephens,by Arley Sorg,https://clarkesworldmagazine.com/stephens_interview,ISSUE 192 , September 2022,Non-fiction
Weird Compost: A Conversation with Ruthanna Emrys,by Arley Sorg,https://clarkesworldmagazine.com/emrys_interview,ISSUE 192 , September 2022,Non-fiction
Editor's Desk: Not Alone,by Neil Clarke,https://clarkesworldmagazine.com/clarke_09_22,ISSUE 192 , September 2022,Non-fiction
Canvas of Life - Violet,by Raja Nandepu,https://clarkesworldmagazine.com/artbio_192,ISSUE 192 , September 2022,Cover
Junk Hounds,by Lavie Tidhar,https://clarkesworldmagazine.com/tidhar_10_22,ISSUE 193 , October 2022,Fiction
Coding Van Gogh,by Elaine Gao,https://clarkesworldmagazine.com/gao_10_22,ISSUE 193 , October 2022,Fiction
Sweetbaby,by Thomas Ha,https://clarkesworldmagazine.com/ha_10_22,ISSUE 193 , October 2022,Fiction
Lost and Found,by M. L. Clark,https://clarkesworldmagazine.com/clark_10_22,ISSUE 193 , October 2022,Fiction
Fly Free,"by Alan Kubatiev, translated by Alex Shvartsman",https://clarkesworldmagazine.com/kubatiev_10_22,ISSUE 193 , October 2022,Fiction
Giant Fish,"by Chu Shifan, translated by Stella Jiayue Zhu",https://clarkesworldmagazine.com/chu_10_22,ISSUE 193 , October 2022,Fiction
The Secret Strength of Things,by Gregory Feeley,https://clarkesworldmagazine.com/feeley_10_22,ISSUE 193 , October 2022,Fiction
Rondo for Strings and Lasergun,by Jared Oliver Adams,https://clarkesworldmagazine.com/adams_10_22,ISSUE 193 , October 2022,Fiction
Between Chaos and Order: The (Un)predictability of Evolution,by Julie Nováková,https://clarkesworldmagazine.com/novakova_10_22,ISSUE 193 , October 2022,Non-fiction
Switching Perspectives: A Conversation with Marie Vibbert,by Arley Sorg,https://clarkesworldmagazine.com/vibbert_interview,ISSUE 193 , October 2022,Non-fiction
"Art and Kindness: A Conversation with Aleksandra (Ola) Hill, Kanika Agrawal, and Rowan Morrison",by Arley Sorg,https://clarkesworldmagazine.com/khoreo_interview,ISSUE 193 , October 2022,Non-fiction
Editor's Desk: Sweet Sixteen,by Neil Clarke,https://clarkesworldmagazine.com/clarke_10_22,ISSUE 193 , October 2022,Non-fiction
Art Block,by Daniel Conway,https://clarkesworldmagazine.com/artbio_193,ISSUE 193 , October 2022,Cover
The Rhythm of the Soul,by Michelle Julia John,https://clarkesworldmagazine.com/john_11_22,ISSUE 194 , November 2022,Fiction
"Accountability, and Other Myths of Old Earth",by Aimee Ogden,https://clarkesworldmagazine.com/ogden_11_22,ISSUE 194 , November 2022,Fiction
Calf Cleaving in the Benthic Black,by Isabel J. Kim,https://clarkesworldmagazine.com/kim_11_22,ISSUE 194 , November 2022,Fiction
The Lonely Time Traveler of Kentish Town,by Nadia Afifi,https://clarkesworldmagazine.com/afifi_11_22,ISSUE 194 , November 2022,Fiction
"Hummingbird, Resting on Honeysuckles","by Yang Wanqing, translated by Jay Zhang",https://clarkesworldmagazine.com/yang_11_22,ISSUE 194 , November 2022,Fiction
The Transfiguration of the Gardener Irene by the Dead Planet Hipea,by Ann LeBlanc,https://clarkesworldmagazine.com/leblanc_11_22,ISSUE 194 , November 2022,Fiction
The Whelk,by Samara Auman,https://clarkesworldmagazine.com/auman_11_22,ISSUE 194 , November 2022,Fiction
The Neuroscience of “Babirusa”,by Arula Ratnakar,https://clarkesworldmagazine.com/ratnakar_11_22,ISSUE 194 , November 2022,Non-fiction
Refusing Categorization: A Conversation with Ray Nayler,by Arley Sorg,https://clarkesworldmagazine.com/nayler_interview,ISSUE 194 , November 2022,Non-fiction
The Poetry of Prose: A Conversation with Nisi Shawl,by Arley Sorg,https://clarkesworldmagazine.com/shawl_interview,ISSUE 194 , November 2022,Non-fiction
Editor's Desk: Bringing the Future One Step Closer,by Neil Clarke,https://clarkesworldmagazine.com/clarke_11_22,ISSUE 194 , November 2022,Non-fiction
Canvas of Life - Yellow,by Raja Nandepu,https://clarkesworldmagazine.com/artbio_194,ISSUE 194 , November 2022,Cover
Law of Tongue,by Naim Kabir,https://clarkesworldmagazine.com/kabir_12_22,ISSUE 195 , December 2022,Fiction
Keiki's Pitcher Plant,by Bri Castagnozzi,https://clarkesworldmagazine.com/castagnozzi_12_22,ISSUE 195 , December 2022,Fiction
The Resting Place of Trees,by Ben Berman Ghan,https://clarkesworldmagazine.com/ghan_12_22,ISSUE 195 , December 2022,Fiction
Murder by Pixel: Crime and Responsibility in the Digital Darkness,by S.L. Huang,https://clarkesworldmagazine.com/huang_12_22,ISSUE 195 , December 2022,Fiction
Upstart,"by Lu Ban, translated by Blake Stone-Banks",https://clarkesworldmagazine.com/lu_12_22,ISSUE 195 , December 2022,Fiction
Left to Die,by Vandana Singh,https://clarkesworldmagazine.com/singh_12_22,ISSUE 195 , December 2022,Fiction
To Exorcise Mechanical Ghosts,by Laney Gaughan,https://clarkesworldmagazine.com/gaughan_12_22,ISSUE 195 , December 2022,Fiction
The Lightness,by Alex Sobel,https://clarkesworldmagazine.com/sobel_12_22,ISSUE 195 , December 2022,Fiction
A Stroll into Unfamiliar Worlds,by Julie Nováková,https://clarkesworldmagazine.com/novakova_12_22,ISSUE 195 , December 2022,Non-fiction
Endings & Experimentations: Conversations with Bora Chung and Anton Hur,by Arley Sorg,https://clarkesworldmagazine.com/chung_hur_interview,ISSUE 195 , December 2022,Non-fiction
Women Have Always Been Here: A Conversation with Lisa Yaszek,by Arley Sorg,https://clarkesworldmagazine.com/yaszek_interview,ISSUE 195 , December 2022,Non-fiction
Editor's Desk: Wellness Check,by Neil Clarke,https://clarkesworldmagazine.com/clarke_12_22,ISSUE 195 , December 2022,Non-fiction
Rebirth,by Luca Monteleone,https://clarkesworldmagazine.com/artbio_195,ISSUE 195 , December 2022,Cover
Symbiosis,by D.A. Xiaolin Spires,https://clarkesworldmagazine.com/spires_01_23,ISSUE 196 , January 2023,Fiction
The Fortunate Isles,by Gregory Feeley,https://clarkesworldmagazine.com/feeley_01_23,ISSUE 196 , January 2023,Fiction
Anais Gets a Turn,by R.T. Ester,https://clarkesworldmagazine.com/ester_01_23,ISSUE 196 , January 2023,Fiction
Zhuangzi's Dream,"by Cao Baiyu, translated by Stella Jiayue Zhu",https://clarkesworldmagazine.com/cao_01_23,ISSUE 196 , January 2023,Fiction
Sharp Undoing,by Natasha King,https://clarkesworldmagazine.com/king_01_23,ISSUE 196 , January 2023,Fiction
Pearl,by Felix Rose Kawitzky,https://clarkesworldmagazine.com/kawitzky_01_23,ISSUE 196 , January 2023,Fiction
A (Brief) Love Letter to the Chemistry of Molecules,by Ashley Deng,https://clarkesworldmagazine.com/deng_01_23,ISSUE 196 , January 2023,Non-fiction
Pausing to Think: A Conversation with Ada Hoffman,by Arley Sorg,https://clarkesworldmagazine.com/hoffman_interview_2023,ISSUE 196 , January 2023,Non-fiction
Relentless Curiosity: A Conversation with Paul McAuley,by Arley Sorg,https://clarkesworldmagazine.com/mcauley_interview_2023,ISSUE 196 , January 2023,Non-fiction
Editor's Desk: 2022 in Review,by Neil Clarke,https://clarkesworldmagazine.com/clarke_01_23,ISSUE 196 , January 2023,Non-fiction
The Different Path,by Kishal Sukumaran,https://clarkesworldmagazine.com/artbio_196,ISSUE 196 , January 2023,Cover
Pausing to Think: A Conversation with Ada Hoffmann,by Arley Sorg,https://clarkesworldmagazine.com/hoffman_interview_2023,ISSUE 196 , January 2023,Non-fiction
"The Portrait of a Survivor, Observed from the Water",by Yukimi Ogawa,https://clarkesworldmagazine.com/ogawa_02_23,ISSUE 197 , February 2023,Fiction
"Somewhere, It's About to Be Spring",by Samantha Murray,https://clarkesworldmagazine.com/murray_02_23,ISSUE 197 , February 2023,Fiction
Larva Pupa Imago,by Eric Schwitzgebel,https://clarkesworldmagazine.com/schwitzgebel_02_23,ISSUE 197 , February 2023,Fiction
An Ode to Stardust,by R. P. Sand,https://clarkesworldmagazine.com/sand_02_23,ISSUE 197 , February 2023,Fiction
"Introduction to 2181 Overture, Second Edition","by Gu Shi, translated by Emily Jin",https://clarkesworldmagazine.com/gu_02_23,ISSUE 197 , February 2023,Fiction
"Silo, Sweet Silo",by James Castles,https://clarkesworldmagazine.com/castles_02_23,ISSUE 197 , February 2023,Fiction
Going Time,by Amal Singh,https://clarkesworldmagazine.com/singh_02_23,ISSUE 197 , February 2023,Fiction
The Expanding Repertoire of the Gene,by Douglas F. Dluzen,https://clarkesworldmagazine.com/dluzen_02_23,ISSUE 197 , February 2023,Non-fiction
Nonexistent People in Worlds Unobserved: A Conversation with Kelly Barnhill,by Arley Sorg,https://clarkesworldmagazine.com/barnhill_interview,ISSUE 197 , February 2023,Non-fiction
Joy and Wonder: A Conversation with Ian McDonald,by Arley Sorg,https://clarkesworldmagazine.com/mcdonald_interview_2023,ISSUE 197 , February 2023,Non-fiction
Editor's Desk: 2022 Readers' Poll Finalists,by Neil Clarke,https://clarkesworldmagazine.com/clarke_02_23,ISSUE 197 , February 2023,Non-fiction
Harvest II,by Arthur Haas,https://clarkesworldmagazine.com/artbio_197,ISSUE 197 , February 2023,Cover
Love in the Season of New Dance,by Bo Balder,https://clarkesworldmagazine.com/balder_03_23,ISSUE 198 , March 2023,Fiction
Pinocchio Photography,by Angela Liu,https://clarkesworldmagazine.com/liu_03_23,ISSUE 198 , March 2023,Fiction
The Spoil Heap,by Fiona Moore,https://clarkesworldmagazine.com/moore_03_23,ISSUE 198 , March 2023,Fiction
"Bek, Ascendant",by Shari Paul,https://clarkesworldmagazine.com/paul_03_23,ISSUE 198 , March 2023,Fiction
Failure to Convert,by Shih-Li Kow,https://clarkesworldmagazine.com/kow_03_23,ISSUE 198 , March 2023,Fiction
Zeta-Epsilon,by Isabel J. Kim,https://clarkesworldmagazine.com/kim_03_23,ISSUE 198 , March 2023,Fiction
AI Aboard the Golden Parrot,by Louise Hughes,https://clarkesworldmagazine.com/hughes_03_23,ISSUE 198 , March 2023,Fiction
Love is a Process of Unbecoming,by Jonathan Kincade,https://clarkesworldmagazine.com/kincade_03_23,ISSUE 198 , March 2023,Fiction
“The Greenery Around Me Held Secrets I Would Never Learn”: Plant Life in Contemporary Science Fiction,by Samantha Hind,https://clarkesworldmagazine.com/hind_03_23,ISSUE 198 , March 2023,Non-fiction
Clones And Consciousness: A Conversation with Nadia Afifi,by Arley Sorg,https://clarkesworldmagazine.com/afifi_interview,ISSUE 198 , March 2023,Non-fiction
Striking A Balance: A Conversation with Janice L. Newman and Gideon Marcus of Galactic Journey,by Arley Sorg,https://clarkesworldmagazine.com/journey_interview,ISSUE 198 , March 2023,Non-fiction
Editor's Desk: An Important One,by Neil Clarke,https://clarkesworldmagazine.com/clarke_03_23,ISSUE 198 , March 2023,Non-fiction
The Best from 2022,by Neil Clarke,https://clarkesworldmagazine.com/readers_poll_2022,ISSUE 198 , March 2023,Non-fiction
Home,by Alex Rommel,https://clarkesworldmagazine.com/artbio_198,ISSUE 198 , March 2023,Cover
Re/Union,by L Chan,https://clarkesworldmagazine.com/chan_04_23,ISSUE 199 , April 2023,Fiction
"There Are the Art-Makers, Dreamers of Dreams, and There Are Ais",by Andrea Kriz,https://clarkesworldmagazine.com/kriz_04_23,ISSUE 199 , April 2023,Fiction
Rake the Leaves,by R.T. Ester,https://clarkesworldmagazine.com/ester_04_23,ISSUE 199 , April 2023,Fiction
Keeper of the Code,by Nick Thomas,https://clarkesworldmagazine.com/thomas_04_23,ISSUE 199 , April 2023,Fiction
Happiness,by Octavia Cade,https://clarkesworldmagazine.com/cade_04_23,ISSUE 199 , April 2023,Fiction
Stranger Shores,by Gregory Feeley,https://clarkesworldmagazine.com/feeley_04_23,ISSUE 199 , April 2023,Fiction
The Librarian and the Robot,"by Shi Heiyao, translated by Andy Dudak",https://clarkesworldmagazine.com/shi_04_23,ISSUE 199 , April 2023,Fiction
Voices Singing in the Void,by Rajan Khanna,https://clarkesworldmagazine.com/khanna_04_23,ISSUE 199 , April 2023,Fiction
"Brains in a Jar, Video Games in a Petri Dish",by Priya Sridhar,https://clarkesworldmagazine.com/sridhar_04_23,ISSUE 199 , April 2023,Non-fiction
"Stellar Synergy: A Conversation with Susan Forest, Julie Nováková, and Lucas K. Law",by Arley Sorg,https://clarkesworldmagazine.com/life_beyond_interview,ISSUE 199 , April 2023,Non-fiction
Buddhas in the Machine: Conversations with Han Song and Michael Berry,by Arley Sorg,https://clarkesworldmagazine.com/hospital_interview,ISSUE 199 , April 2023,Non-fiction
Editor's Desk: Written by a Human,by Neil Clarke,https://clarkesworldmagazine.com/clarke_04_23,ISSUE 199 , April 2023,Non-fiction
Android,by Lyss Menold,https://clarkesworldmagazine.com/artbio_199,ISSUE 199 , April 2023,Cover
"There Are the Art-Makers, Dreamers of Dreams, and There Are AIs",by Andrea Kriz,https://clarkesworldmagazine.com/kriz_04_23,ISSUE 199 , April 2023,Fiction
Better Living Through Algorithms,by Naomi Kritzer,https://clarkesworldmagazine.com/kritzer_05_23,ISSUE 200 , May 2023,Fiction
Through the Roof of the World,by Harry Turtledove,https://clarkesworldmagazine.com/turtledove_05_23,ISSUE 200 , May 2023,Fiction
To Sail Beyond the Botnet,by Suzanne Palmer,https://clarkesworldmagazine.com/palmer_05_23,ISSUE 200 , May 2023,Fiction
"LOL, Said the Scorpion",by Rich Larson,https://clarkesworldmagazine.com/larson_05_23,ISSUE 200 , May 2023,Fiction
Sensation and Sensibility,by Parker Ragland,https://clarkesworldmagazine.com/ragland_05_23,ISSUE 200 , May 2023,Fiction
The Giants Among Us,by Megan Chee,https://clarkesworldmagazine.com/chee_05_23,ISSUE 200 , May 2023,Fiction
Action at a Distance,"by An Hao, translated by Andy Dudak",https://clarkesworldmagazine.com/an_05_23,ISSUE 200 , May 2023,Fiction
The Fall,by Jordan Chase-Young,https://clarkesworldmagazine.com/chase-young_05_23,ISSUE 200 , May 2023,Fiction
Horror and Science Fiction: Genre's Evil Twins,by Carrie Sessarego,https://clarkesworldmagazine.com/sessarego_05_23,ISSUE 200 , May 2023,Non-fiction
Gods Aren't Necessarily Nice: A Conversation with Premee Mohamed,by Arley Sorg,https://clarkesworldmagazine.com/mohamed_interview,ISSUE 200 , May 2023,Non-fiction
Exploration And Healing: A Conversation with Megan O'Keefe,by Arley Sorg,https://clarkesworldmagazine.com/okeefe_interview,ISSUE 200 , May 2023,Non-fiction
Editor's Desk: Something Went Mostly Right,by Neil Clarke,https://clarkesworldmagazine.com/clarke_05_23,ISSUE 200 , May 2023,Non-fiction
Taking a Sample,by Arthur Haas,https://clarkesworldmagazine.com/artbio_200,ISSUE 200 , May 2023,Cover
The Officiant,by Dominica Phetteplace,https://clarkesworldmagazine.com/phetteplace_06_23,ISSUE 201 , June 2023,Fiction
Vast and Trunkless Legs of Stone,by Carrie Vaughn,https://clarkesworldmagazine.com/vaughn_06_23,ISSUE 201 , June 2023,Fiction
Day Ten Thousand,by Isabel J. Kim,https://clarkesworldmagazine.com/kim_06_23,ISSUE 201 , June 2023,Fiction
Imagine: Purple-Haired Girl Shooting Down the Moon,by Angela Liu,https://clarkesworldmagazine.com/liu_06_23,ISSUE 201 , June 2023,Fiction
The Moon Rabbi,by David Ebenbach,https://clarkesworldmagazine.com/ebenbach_06_23,ISSUE 201 , June 2023,Fiction
. . . Your Little Light,by Jana Bianchi,https://clarkesworldmagazine.com/bianchi_06_23,ISSUE 201 , June 2023,Fiction
To Helen,by Bella Han,https://clarkesworldmagazine.com/han_06_23,ISSUE 201 , June 2023,Fiction
Mirror View,by Rajeev Prasad,https://clarkesworldmagazine.com/prasad_06_23,ISSUE 201 , June 2023,Fiction
"Life without Water, and Where to Find It",by Julie Nováková,https://clarkesworldmagazine.com/novakova_06_23,ISSUE 201 , June 2023,Non-fiction
Decades of Aspiration: A Conversation with Vajra Chandrasekera,by Arley Sorg,https://clarkesworldmagazine.com/chandrasekera_interview,ISSUE 201 , June 2023,Non-fiction
Stories about Unnamed People: A Conversation with Kemi Ashing-Giwa,by Arley Sorg,https://clarkesworldmagazine.com/ashing-giwa_interview,ISSUE 201 , June 2023,Non-fiction
Editor's Desk: Do I Have To?,by Neil Clarke,https://clarkesworldmagazine.com/clarke_06_23,ISSUE 201 , June 2023,Non-fiction
Raid,by Pascal Blanché,https://clarkesworldmagazine.com/artbio_201,ISSUE 201 , June 2023,Cover
Cheaper to Replace,by Marie Vibbert,https://clarkesworldmagazine.com/vibbert_07_23,ISSUE 202 , July 2023,Fiction
"Death and Redemption, Somewhere Near Tuba City",by Lou J Berger,https://clarkesworldmagazine.com/berger_07_23,ISSUE 202 , July 2023,Fiction
Estivation Troubles,by Bo Balder,https://clarkesworldmagazine.com/balder_07_23,ISSUE 202 , July 2023,Fiction
Clio's Scroll,by Brenda W. Clough,https://clarkesworldmagazine.com/clough_07_23,ISSUE 202 , July 2023,Fiction
Tigers for Sale,by Risa Wolf,https://clarkesworldmagazine.com/wolf_07_23,ISSUE 202 , July 2023,Fiction
Timelock,by Davian Aw,https://clarkesworldmagazine.com/aw_07_23,ISSUE 202 , July 2023,Fiction
"What Remains, the Echoes of a Flute Song",by Alexandra Seidel,https://clarkesworldmagazine.com/seidel_07_23,ISSUE 202 , July 2023,Fiction
The Orchard of Tomorrow,by Kelsea Yu,https://clarkesworldmagazine.com/yu_07_23,ISSUE 202 , July 2023,Fiction
Margaret the First and The Blazing World,by Carrie Sessarego,https://clarkesworldmagazine.com/sessarego_07_23,ISSUE 202 , July 2023,Non-fiction
Colorful Tales: A Conversation with Yukimi Ogawa,by Arley Sorg,https://clarkesworldmagazine.com/ogawa_interview,ISSUE 202 , July 2023,Non-fiction
Riding On a Toy Train: A Conversation with Aimee Ogden,by Arley Sorg,https://clarkesworldmagazine.com/ogden_interview,ISSUE 202 , July 2023,Non-fiction
Editor's Desk: Things Only Sort of Change,by Neil Clarke,https://clarkesworldmagazine.com/clarke_07_23,ISSUE 202 , July 2023,Non-fiction
Autumn Pond,by Sergio Rebolledo,https://clarkesworldmagazine.com/artbio_202,ISSUE 202 , July 2023,Cover
Every Seed Is a Prayer (And Your World Is a Seed),by Stephen Case,https://clarkesworldmagazine.com/case_08_23,ISSUE 203 , August 2023,Fiction
Window Boy,by Thomas Ha,https://clarkesworldmagazine.com/ha_08_23,ISSUE 203 , August 2023,Fiction
Light Speed Is Not a Speed,by Andy Dudak,https://clarkesworldmagazine.com/dudak_08_23,ISSUE 203 , August 2023,Fiction
Who Can Have the Moon,"by Congyun 'Muming' Gu, translated by Tian Huang",https://clarkesworldmagazine.com/gu_08_23,ISSUE 203 , August 2023,Fiction
Empathetic Ear,by M. J. Pettit,https://clarkesworldmagazine.com/pettit_08_23,ISSUE 203 , August 2023,Fiction
Gel Pen Notes from Generation Ship Y,by Marisca Pichette,https://clarkesworldmagazine.com/pichette_08_23,ISSUE 203 , August 2023,Fiction
Resistant,by Koji A. Dae,https://clarkesworldmagazine.com/dae_08_23,ISSUE 203 , August 2023,Fiction
There's a New Octopus Sheriff in Town,by Priya Sridhar,https://clarkesworldmagazine.com/sridhar_08_23,ISSUE 203 , August 2023,Non-fiction
Sense And Perception: A Conversation with Emma Mieko Candon,by Arley Sorg,https://clarkesworldmagazine.com/candon_interview,ISSUE 203 , August 2023,Non-fiction
Everything Goes In Cycles: An Interview with Joshua Glenn,by Arley Sorg,https://clarkesworldmagazine.com/glenn_interview,ISSUE 203 , August 2023,Non-fiction
Editor's Desk: One for the Team,by Neil Clarke,https://clarkesworldmagazine.com/clarke_08_23,ISSUE 203 , August 2023,Non-fiction
Old Ways,by J.R. Slattum,https://clarkesworldmagazine.com/artbio_203,ISSUE 203 , August 2023,Cover
Stones,by Nnedi Okorafor,https://clarkesworldmagazine.com/okorafor_09_23,ISSUE 204 , September 2023,Fiction
The Queen of Calligraphic Susurrations,by D.A. Xiaolin Spires,https://clarkesworldmagazine.com/spires_09_23,ISSUE 204 , September 2023,Fiction
A Guide to Matchmaking on Station 9,by Nika Murphy,https://clarkesworldmagazine.com/murphy_09_23,ISSUE 204 , September 2023,Fiction
Axiom of Dreams,by Arula Ratnakar,https://clarkesworldmagazine.com/ratnakar_09_23,ISSUE 204 , September 2023,Fiction
The People from the Dead Whale,"by Djuna, translated by Jihyun Park and Gord Sellar",https://clarkesworldmagazine.com/djuna_09_23,ISSUE 204 , September 2023,Fiction
"The Five Remembrances, According to STE-319",by R. L. Meza,https://clarkesworldmagazine.com/meza_09_23,ISSUE 204 , September 2023,Fiction
Upgrade Day,by RJ Taylor,https://clarkesworldmagazine.com/taylor_09_23,ISSUE 204 , September 2023,Fiction
Beyond the Godzilla Trope: Radiation Biology,by Julie Nováková,https://clarkesworldmagazine.com/novakova_09_23,ISSUE 204 , September 2023,Non-fiction
Violent Revolutions: A Conversation with S.L. Huang,by Arley Sorg,https://clarkesworldmagazine.com/huang_interview,ISSUE 204 , September 2023,Non-fiction
Global Discovery: A Conversation with Jared Shurin,by Arley Sorg,https://clarkesworldmagazine.com/shurin_interview,ISSUE 204 , September 2023,Non-fiction
Editor's Desk: A Farewell to Kindle Subscriptions,by Neil Clarke,https://clarkesworldmagazine.com/clarke_09_23,ISSUE 204 , September 2023,Non-fiction
Escape,by Ignacio Bazan-Lazcano,https://clarkesworldmagazine.com/artbio_204,ISSUE 204 , September 2023,Cover
Possibly Just About A Couch,by Suzanne Palmer,https://clarkesworldmagazine.com/palmer_10_23,ISSUE 205 , October 2023,Fiction
The Blaumilch,by Lavie Tidhar,https://clarkesworldmagazine.com/tidhar_10_23,ISSUE 205 , October 2023,Fiction
Down To The Root,by Lisa Papademetriou,https://clarkesworldmagazine.com/papademetriou_10_23,ISSUE 205 , October 2023,Fiction
Such Is My Idea Of Happiness,by David Goodman,https://clarkesworldmagazine.com/goodman_10_23,ISSUE 205 , October 2023,Fiction
"De Profundis, a Space Love Letter",by Bella Han,https://clarkesworldmagazine.com/han_10_23,ISSUE 205 , October 2023,Fiction
Post Hacking for the Uninitiated,by Grace Chan,https://clarkesworldmagazine.com/chan_10_23,ISSUE 205 , October 2023,Fiction
Rafi,by Amal Singh,https://clarkesworldmagazine.com/singh_10_23,ISSUE 205 , October 2023,Fiction
Timothy: An Oral History,by Michael Swanwick,https://clarkesworldmagazine.com/swanwick_10_23,ISSUE 205 , October 2023,Fiction
Gardens in the Sky: Gardening in Science Fiction,by Carrie Sessarego,https://clarkesworldmagazine.com/sessarego_10_23,ISSUE 205 , October 2023,Non-fiction
Heartbreak and Happy Endings: A Conversation with Kij Johnson,by Arley Sorg,https://clarkesworldmagazine.com/johnson_interview_2023,ISSUE 205 , October 2023,Non-fiction
"Deep Oceans, Vast Skies: A Conversation with Margrét Helgadóttir",by Arley Sorg,https://clarkesworldmagazine.com/helgadottir_interview,ISSUE 205 , October 2023,Non-fiction
Editor's Desk: Seventeen,by Neil Clarke,https://clarkesworldmagazine.com/clarke_10_23,ISSUE 205 , October 2023,Non-fiction
Utopia #2,by Dofresh,https://clarkesworldmagazine.com/artbio_205,ISSUE 205 , October 2023,Cover
Eddies are the Worst,by Bo Balder,https://clarkesworldmagazine.com/balder_11_23,ISSUE 206 , November 2023,Fiction
Bird-Girl Builds a Machine,by Hannah Yang,https://clarkesworldmagazine.com/yang_11_23,ISSUE 206 , November 2023,Fiction
The Long Mural,by James Van Pelt,https://clarkesworldmagazine.com/vanpelt_11_23,ISSUE 206 , November 2023,Fiction
The Parts That Make Me,by Louise Hughes,https://clarkesworldmagazine.com/hughes_11_23,ISSUE 206 , November 2023,Fiction
The Mub,by Thomas Ha,https://clarkesworldmagazine.com/ha_11_23,ISSUE 206 , November 2023,Fiction
Eight or Die (Part 1),by Thoraiya Dyer,https://clarkesworldmagazine.com/dyer_11_23,ISSUE 206 , November 2023,Fiction
Thin Ice,by Kemi Ashing-Giwa,https://clarkesworldmagazine.com/ashing-giwa_11_23,ISSUE 206 , November 2023,Fiction
To Carry You Inside You,by Tia Tashiro,https://clarkesworldmagazine.com/tashiro_11_23,ISSUE 206 , November 2023,Fiction
Space Vineyards and Microgravity Wine,by Priya Sridhar,https://clarkesworldmagazine.com/sridhar_11_23,ISSUE 206 , November 2023,Non-fiction
Everybody Loves A Rogue: A Conversation with David D. Levine,by Arley Sorg,https://clarkesworldmagazine.com/levine_interview,ISSUE 206 , November 2023,Non-fiction
Head-Over-Heels: A Conversation with Cory Doctorow,by Arley Sorg,https://clarkesworldmagazine.com/doctorow_interview_2023,ISSUE 206 , November 2023,Non-fiction
Editor's Desk: This Would Have Been Longer,by Neil Clarke,https://clarkesworldmagazine.com/clarke_11_23,ISSUE 206 , November 2023,Non-fiction
The pirates on the beach,by Dofresh,https://clarkesworldmagazine.com/artbio_206,ISSUE 206 , November 2023,Cover
Morag's Boy,by Fiona Moore,https://clarkesworldmagazine.com/moore_12_23,ISSUE 207 , December 2023,Fiction
Thirteen Ways of Looking at a Cyborg,by Samara Auman,https://clarkesworldmagazine.com/auman_12_23,ISSUE 207 , December 2023,Fiction
In Memories We Drown,by Kelsea Yu,https://clarkesworldmagazine.com/yu_12_23,ISSUE 207 , December 2023,Fiction
Waffles Are Only Goodbye for Now,by Ryan Cole,https://clarkesworldmagazine.com/cole_12_23,ISSUE 207 , December 2023,Fiction
The World's Wife,by Ng Yi-Sheng,https://clarkesworldmagazine.com/yi-sheng_12_23,ISSUE 207 , December 2023,Fiction
The Last Gamemaster in the World,by Angela Liu,https://clarkesworldmagazine.com/liu_12_23,ISSUE 207 , December 2023,Fiction
Kill That Groundhog,"by Fu Qiang, translated by Andy Dudak",https://clarkesworldmagazine.com/fu_12_23,ISSUE 207 , December 2023,Fiction
Eight or Die (Part 2),by Thoraiya Dyer,https://clarkesworldmagazine.com/dyer_12_23,ISSUE 207 , December 2023,Fiction
The Season in Space,by Carrie Sessarego,https://clarkesworldmagazine.com/sessarego_12_23,ISSUE 207 , December 2023,Non-fiction
Students Are the Future of Science Fiction: A Conversation with RiverFlow,by Arley Sorg,https://clarkesworldmagazine.com/riverflow_interview,ISSUE 207 , December 2023,Non-fiction
Reinventing Everything: A Conversation with Cat Rambo and Jennifer Brozek,by Arley Sorg,https://clarkesworldmagazine.com/brozek-rambo_interview,ISSUE 207 , December 2023,Non-fiction
Editor's Desk: Poking Through the Fog,by Neil Clarke,https://clarkesworldmagazine.com/clarke_12_23,ISSUE 207 , December 2023,Non-fiction
The Gift,by Matt Dixon,https://clarkesworldmagazine.com/artbio_207,ISSUE 207 , December 2023,Cover
Nothing of Value,by Aimee Ogden,https://clarkesworldmagazine.com/ogden_01_24,ISSUE 208 , January 2024,Fiction
Down the Waterfall,by Cécile Cristofari,https://clarkesworldmagazine.com/cristofari_01_24,ISSUE 208 , January 2024,Fiction
Binomial Nomenclature and the Mother of Happiness,by Alexandra Munck,https://clarkesworldmagazine.com/munck_01_24,ISSUE 208 , January 2024,Fiction
Stars Don't Dream,"by Chi Hui, translated by John Chu",https://clarkesworldmagazine.com/chi_01_24,ISSUE 208 , January 2024,Fiction
Just Another Cat in a Box,by E.N. Auslender,https://clarkesworldmagazine.com/auslender_01_24,ISSUE 208 , January 2024,Fiction
Rail Meat,by Marie Vibbert,https://clarkesworldmagazine.com/vibbert_01_24,ISSUE 208 , January 2024,Fiction
You Dream of the Hive,by C. M. Fields,https://clarkesworldmagazine.com/fields_01_24,ISSUE 208 , January 2024,Fiction
You Cannot Grow in Salted Earth,by Priya Chand,https://clarkesworldmagazine.com/chand_01_24,ISSUE 208 , January 2024,Fiction
Exercise in Alternate Histories: Unveiling Venus,by Julie Nováková,https://clarkesworldmagazine.com/novakova_01_24,ISSUE 208 , January 2024,Non-fiction
Playing with Legos: A Conversation with Seth Dickinson,by Arley Sorg,https://clarkesworldmagazine.com/dickinson_interview_2024,ISSUE 208 , January 2024,Non-fiction
Finding Mars: A Conversation with Caitlín R. Kiernan,by Arley Sorg,https://clarkesworldmagazine.com/kiernan_interview_2024,ISSUE 208 , January 2024,Non-fiction
Editor's Desk: 2023 in Review,by Neil Clarke,https://clarkesworldmagazine.com/clarke_01_24,ISSUE 208 , January 2024,Non-fiction
Secret Garden,by JC Jongwon Park,https://clarkesworldmagazine.com/artbio_208,ISSUE 208 , January 2024,Cover
Scalp,by H.H. Pak,https://clarkesworldmagazine.com/pak_02_24,ISSUE 209 , February 2024,Fiction
The Flowers That We Intend To Share,by Rajeev Prasad,https://clarkesworldmagazine.com/prasad_02_24,ISSUE 209 , February 2024,Fiction
The Enceladus South Pole Base Named after V.I. Lenin,by Zohar Jacobs,https://clarkesworldmagazine.com/jacobs_02_24,ISSUE 209 , February 2024,Fiction
Kardashev's Palimpsest,by David Goodman,https://clarkesworldmagazine.com/goodman_02_24,ISSUE 209 , February 2024,Fiction
The Peregrine Falcon Flies West,"by Yang Wanqing, translated by Jay Zhang",https://clarkesworldmagazine.com/yang_02_24,ISSUE 209 , February 2024,Fiction
Why Don't We Just Kill the Kid In the Omelas Hole,by Isabel J. Kim,https://clarkesworldmagazine.com/kim_02_24,ISSUE 209 , February 2024,Fiction
The Beam Eidolon,by Ryan Marie Ketterer,https://clarkesworldmagazine.com/ketterer_02_24,ISSUE 209 , February 2024,Fiction
Lonely Ghosts,by Meghan Feldman,https://clarkesworldmagazine.com/feldman_02_24,ISSUE 209 , February 2024,Fiction
Eeriecology: What Nature Remembers and What It Tells Us,by Ben Lockwood,https://clarkesworldmagazine.com/lockwood_02_24,ISSUE 209 , February 2024,Non-fiction
When the World Changes: A Conversation with Wole Talabi,by Arley Sorg,https://clarkesworldmagazine.com/talabi_interview,ISSUE 209 , February 2024,Non-fiction
Tying Together Disparate Concepts: A Conversation with Bogi Takács,by Arley Sorg,https://clarkesworldmagazine.com/takacs_interview,ISSUE 209 , February 2024,Non-fiction
Editor's Desk: 2023 Readers' Poll Finalists,by Neil Clarke,https://clarkesworldmagazine.com/clarke_02_24,ISSUE 209 , February 2024,Non-fiction
Harvesters,by Pablo Munoz Gomez,https://clarkesworldmagazine.com/artbio_209,ISSUE 209 , February 2024,Cover
Hello! Hello! Hello!,by Fiona Jones,https://clarkesworldmagazine.com/jones_03_24,ISSUE 210 , March 2024,Fiction
Phosphorescence,by Ben Berman Ghan,https://clarkesworldmagazine.com/ghan_03_24,ISSUE 210 , March 2024,Fiction
Nine Beauties and the Entangled Threads,by D.A. Xiaolin Spires,https://clarkesworldmagazine.com/spires_03_24,ISSUE 210 , March 2024,Fiction
A Brief Oral History of the El Zopilote Dock,by Alaya Dawn Johnson,https://clarkesworldmagazine.com/johnson_03_24,ISSUE 210 , March 2024,Fiction
One Flew Over the Songhua River,"by Qi Ran, translated by Andy Dudak",https://clarkesworldmagazine.com/qi_03_24,ISSUE 210 , March 2024,Fiction
"Her Body, The Ship",by Z. K. Abraham,https://clarkesworldmagazine.com/abraham_03_24,ISSUE 210 , March 2024,Fiction
Geminoid,by Malena Salazar Maciá,https://clarkesworldmagazine.com/macia_03_24,ISSUE 210 , March 2024,Fiction
"Swarm X1048 - Ethological Field Report: Canis Lupus Familiaris, “6”",by F.E. Choe,https://clarkesworldmagazine.com/choe_03_24,ISSUE 210 , March 2024,Fiction
In a Better Place: Virtual Reality Farming and Science Fiction,by Samantha Hind,https://clarkesworldmagazine.com/hind_03_24,ISSUE 210 , March 2024,Non-fiction
Globalized Literary Space: A Conversation with Bodhisattva Chattopadhyay,by Arley Sorg,https://clarkesworldmagazine.com/chattopadhyay_interview,ISSUE 210 , March 2024,Non-fiction
Cultivating Communities: A Conversation with Izzy Wasserstein,by Arley Sorg,https://clarkesworldmagazine.com/wasserstein_interview,ISSUE 210 , March 2024,Non-fiction
Editor's Desk: The Best from 2023,by Neil Clarke,https://clarkesworldmagazine.com/clarke_03_24,ISSUE 210 , March 2024,Non-fiction
ANCESTOR,by Marco Zagara,https://clarkesworldmagazine.com/artbio_210,ISSUE 210 , March 2024,Cover
The Lark Ascending,by Eleanna Castroianni,https://clarkesworldmagazine.com/castroianni_04_24,ISSUE 211 , April 2024,Fiction
An Intergalactic Smuggler's Guide to Homecoming,by Tia Tashiro,https://clarkesworldmagazine.com/tashiro_04_24,ISSUE 211 , April 2024,Fiction
The Indomitable Captain Holli,by Rich Larson,https://clarkesworldmagazine.com/larson_04_24,ISSUE 211 , April 2024,Fiction
The Arborist,by Derrick Boden,https://clarkesworldmagazine.com/boden_04_24,ISSUE 211 , April 2024,Fiction
The Rambler,"by Shen Dacheng, translated by Cara Healey",https://clarkesworldmagazine.com/shen_04_24,ISSUE 211 , April 2024,Fiction
Occurrence at O1339,by Kelly Jennings,https://clarkesworldmagazine.com/jennings_04_24,ISSUE 211 , April 2024,Fiction
The Oldest Fun,by Natalia Theodoridou,https://clarkesworldmagazine.com/theodoridou_04_24,ISSUE 211 , April 2024,Fiction
Futuristic Fruits and How Our Real World Seems Science Fictional Sometimes (in a good way!),by D.A. Xiaolin Spires,https://clarkesworldmagazine.com/spires_04_24,ISSUE 211 , April 2024,Non-fiction
Love and Care: A Conversation with Sofia Samatar,by Arley Sorg,https://clarkesworldmagazine.com/samatar_interview,ISSUE 211 , April 2024,Non-fiction
Science Fiction Is Spice: A Conversation with Ann Leckie,by Arley Sorg,https://clarkesworldmagazine.com/leckie_interview_2024,ISSUE 211 , April 2024,Non-fiction
Editor's Desk: An Alternate Reality,by Neil Clarke,https://clarkesworldmagazine.com/clarke_04_24,ISSUE 211 , April 2024,Non-fiction
Hermit Crab Walker,by Longque Chen,https://clarkesworldmagazine.com/artbio_211,ISSUE 211 , April 2024,Cover
Fishy,by Alice Towey,https://clarkesworldmagazine.com/towey_05_24,ISSUE 212 , May 2024,Fiction
The Portmeirion Road,by Fiona Moore,https://clarkesworldmagazine.com/moore_05_24,ISSUE 212 , May 2024,Fiction
In Which Caruth is Correct,by Carolyn Zhao,https://clarkesworldmagazine.com/zhao_05_24,ISSUE 212 , May 2024,Fiction
The Brotherhood of Montague St. Video,by Thomas Ha,https://clarkesworldmagazine.com/ha_05_24,ISSUE 212 , May 2024,Fiction
"The Texture of Memory, of Light",by Samara Auman,https://clarkesworldmagazine.com/auman_05_24,ISSUE 212 , May 2024,Fiction
The Blinding Light of Resurrection,by Rajeev Prasad,https://clarkesworldmagazine.com/prasad_05_24,ISSUE 212 , May 2024,Fiction
The Weight of Your Own Ashes,by Carlie St. George,https://clarkesworldmagazine.com/stgeorge_05_24,ISSUE 212 , May 2024,Fiction
Our Father,by K. J. Khan,https://clarkesworldmagazine.com/khan_05_24,ISSUE 212 , May 2024,Fiction
Hive Minds and Drones: Bees in Space in Real Life and in Science Fictional Cosmos,by D.A. Xiaolin Spires,https://clarkesworldmagazine.com/spires_05_24,ISSUE 212 , May 2024,Non-fiction
Hoodoo And Physics: A Conversation with Andrea Hairston,by Arley Sorg,https://clarkesworldmagazine.com/hairston_interview,ISSUE 212 , May 2024,Non-fiction
Science Fiction As Science Communication: A Conversation with Andrea Kriz,by Arley Sorg,https://clarkesworldmagazine.com/kriz_interview,ISSUE 212 , May 2024,Non-fiction
Editor's Desk: Fruit of the Tree,by Neil Clarke,https://clarkesworldmagazine.com/clarke_05_24,ISSUE 212 , May 2024,Non-fiction
Strider,by Ilya Nazarov,https://clarkesworldmagazine.com/artbio_212,ISSUE 212 , May 2024,Cover
Twenty-Four Hours,by H.H. Pak,https://clarkesworldmagazine.com/pak_06_24,ISSUE 213 , June 2024,Fiction
"Our Chatbots Said ""I Love You,"" Shall We Meet?",by Caroline M. Yoachim,https://clarkesworldmagazine.com/yoachim_06_24,ISSUE 213 , June 2024,Fiction
Artistic Encounters of a Monumental Nature,by S.B. Divya,https://clarkesworldmagazine.com/divya_06_24,ISSUE 213 , June 2024,Fiction
The Reflection of Sand,"by Tan Gang, translated by Emily Jin",https://clarkesworldmagazine.com/tan_06_24,ISSUE 213 , June 2024,Fiction
Himalia,by Carrie Vaughn,https://clarkesworldmagazine.com/vaughn_06_24,ISSUE 213 , June 2024,Fiction
Bodies,by Cat McMahan,https://clarkesworldmagazine.com/mcmahan_06_24,ISSUE 213 , June 2024,Fiction
Off Track,by Luc Diamant,https://clarkesworldmagazine.com/diamant_06_24,ISSUE 213 , June 2024,Fiction
Dream Hacking: A Guided Tour Through the Science and Fiction of Dreamland,by Gunnar De Winter,https://clarkesworldmagazine.com/dewinter_06_24,ISSUE 213 , June 2024,Non-fiction
Questions Presenting as Narrative: A Conversation with Suyi Davies Okungbowa,by Arley Sorg,https://clarkesworldmagazine.com/okungbowa_interview,ISSUE 213 , June 2024,Non-fiction
Friendship and Explosions: A Conversation with Tobias S. Buckell and Dave Klecha,by Arley Sorg,https://clarkesworldmagazine.com/buckell-klecha_interview,ISSUE 213 , June 2024,Non-fiction
Editor's Desk: A Marketing Problem,by Neil Clarke,https://clarkesworldmagazine.com/clarke_06_24,ISSUE 213 , June 2024,Non-fiction
Hermit Beach,by Ed Laag,https://clarkesworldmagazine.com/artbio_213,ISSUE 213 , June 2024,Cover
Every Hopeless Thing,by Tia Tashiro,https://clarkesworldmagazine.com/tashiro_07_24,ISSUE 214 , July 2024,Fiction
I Will Meet You When the Artifacts End,by Amal Singh,https://clarkesworldmagazine.com/singh_07_24,ISSUE 214 , July 2024,Fiction
The Best Version of Yourself,by Grant Collier,https://clarkesworldmagazine.com/collier_07_24,ISSUE 214 , July 2024,Fiction
Stellar Evolutions in Pop Idol Artistry,by Em X. Liu,https://clarkesworldmagazine.com/liu_07_24,ISSUE 214 , July 2024,Fiction
"Aktis Aeliou, or The Machine of Margot's Destruction",by Natalia Theodoridou,https://clarkesworldmagazine.com/theodoridou_07_24,ISSUE 214 , July 2024,Fiction
The Happiness Institute,by AnaMaria Curtis,https://clarkesworldmagazine.com/curtis_07_24,ISSUE 214 , July 2024,Fiction
Born Outside,by Polenth Blake,https://clarkesworldmagazine.com/blake_07_24,ISSUE 214 , July 2024,Fiction
Hive Minds and Drones: Bees Earthside in Futuristic Tech and Science Fiction,by D.A. Xiaolin Spires,https://clarkesworldmagazine.com/spires_07_24,ISSUE 214 , July 2024,Non-fiction
Stories That Stick in the Brain: A Conversation with Donna Scott,by Arley Sorg,https://clarkesworldmagazine.com/scott_interview,ISSUE 214 , July 2024,Non-fiction
Imperfectly Transparent: A Conversation with China Miéville,by Arley Sorg,https://clarkesworldmagazine.com/mieville_interview_2024,ISSUE 214 , July 2024,Non-fiction
Editor's Desk: Where Did the Dark One Go?,by Neil Clarke,https://clarkesworldmagazine.com/clarke_07_24,ISSUE 214 , July 2024,Non-fiction
Robot in a flower field 02,by Ninja Jo,https://clarkesworldmagazine.com/artbio_214,ISSUE 214 , July 2024,Cover
The Time Capsule,by Alice Towey,https://clarkesworldmagazine.com/towey_08_24,ISSUE 215 , August 2024,Fiction
The Sort,by Thomas Ha,https://clarkesworldmagazine.com/ha_08_24,ISSUE 215 , August 2024,Fiction
"Molum, Molum, Molum the Scourge",by Rich Larson,https://clarkesworldmagazine.com/larson_08_24,ISSUE 215 , August 2024,Fiction
"Something Crossing Over, Something Coming Back",by Timothy Mudie,https://clarkesworldmagazine.com/mudie_08_24,ISSUE 215 , August 2024,Fiction
Canyon Dance,by Rajeev Prasad,https://clarkesworldmagazine.com/prasad_08_24,ISSUE 215 , August 2024,Fiction
The Deformed Saint and the Poison Wind,by David McGillveray,https://clarkesworldmagazine.com/mcgillveray_08_24,ISSUE 215 , August 2024,Fiction
Where My Love Still Lives,by Emily Taylor,https://clarkesworldmagazine.com/taylor_08_24,ISSUE 215 , August 2024,Fiction
Three Circuits of the Monoceros Ring,by Marisca Pichette,https://clarkesworldmagazine.com/pichette_08_24,ISSUE 215 , August 2024,Fiction
Motherland Dreaming: Notes on African Speculative Fiction from Past to Present,by Wole Talabi,https://clarkesworldmagazine.com/talabi_08_24,ISSUE 215 , August 2024,Non-fiction
Expanding on Traditions: A Conversation with Jonathan Strahan,by Arley Sorg,https://clarkesworldmagazine.com/strahan_interview_2024,ISSUE 215 , August 2024,Non-fiction
Very Much Alive: An Interview with Nnedi Okorafor,by Arley Sorg,https://clarkesworldmagazine.com/okorafor_interview_2024,ISSUE 215 , August 2024,Non-fiction
Editor's Desk: Status Report,by Neil Clarke,https://clarkesworldmagazine.com/clarke_08_24,ISSUE 215 , August 2024,Non-fiction
Dandelion,by Marcel Deneuve,https://clarkesworldmagazine.com/artbio_215,ISSUE 215 , August 2024,Cover
The Music Must Always Play,by Marissa Lingen,https://clarkesworldmagazine.com/lingen_09_24,ISSUE 216 , September 2024,Fiction
"Fish Fear Me, You Need Me",by Tiffany Xue,https://clarkesworldmagazine.com/xue_09_24,ISSUE 216 , September 2024,Fiction
Broken,by Laura Williams McCaffrey,https://clarkesworldmagazine.com/williamsmccaffrey_09_24,ISSUE 216 , September 2024,Fiction
How to Remember Perfectly,by Eric Schwitzgebel,https://clarkesworldmagazine.com/schwitzgebel_09_24,ISSUE 216 , September 2024,Fiction
"The Children I Gave You, Oxalaia","by Cirilo Lemos, translated by Thamirys Gênova",https://clarkesworldmagazine.com/lemos_09_24,ISSUE 216 , September 2024,Fiction
Those Who Remember the World,by Ben Berman Ghan,https://clarkesworldmagazine.com/ghan_09_24,ISSUE 216 , September 2024,Fiction
A Theory of Missing Affections,by Renan Bernardo,https://clarkesworldmagazine.com/bernardo_09_24,ISSUE 216 , September 2024,Fiction
A World of Milk and Promises,by R H Wesley,https://clarkesworldmagazine.com/wesley_09_24,ISSUE 216 , September 2024,Fiction
A Genetic Recipe for Future Baby-Making,by Gunnar De Winter,https://clarkesworldmagazine.com/dewinter_09_24,ISSUE 216 , September 2024,Non-fiction
Disaster Queers and Romance: A Conversation with Aliette de Bodard,by Arley Sorg,https://clarkesworldmagazine.com/debodard_interview_2024,ISSUE 216 , September 2024,Non-fiction
Mashing Tropes: A Conversation with A.C. Wise,by Arley Sorg,https://clarkesworldmagazine.com/wise_interview,ISSUE 216 , September 2024,Non-fiction
Editor's Desk: On Being Weightless,by Neil Clarke,https://clarkesworldmagazine.com/clarke_09_24,ISSUE 216 , September 2024,Non-fiction
Reminiscence,by Daria Anako,https://clarkesworldmagazine.com/artbio_216,ISSUE 216 , September 2024,Cover
A Space O/pera,by Abby Nicole Yee,https://clarkesworldmagazine.com/yee_10_24,ISSUE 217 , October 2024,Fiction
The Buried People,by Nigel Brown,https://clarkesworldmagazine.com/brown_10_24,ISSUE 217 , October 2024,Fiction
The Children of Flame,by Fiona Moore,https://clarkesworldmagazine.com/moore_10_24,ISSUE 217 , October 2024,Fiction
Fractal Karma,by Arula Ratnakar,https://clarkesworldmagazine.com/ratnakar_10_24,ISSUE 217 , October 2024,Fiction
Fishing the Intergalactic Stream,by Louis Inglis Hall,https://clarkesworldmagazine.com/hall_10_24,ISSUE 217 , October 2024,Fiction
Midnight Patron,by Mike Robinson,https://clarkesworldmagazine.com/robinson_10_24,ISSUE 217 , October 2024,Fiction
The Face of God: A Documentary,by Damián Neri,https://clarkesworldmagazine.com/neri_10_24,ISSUE 217 , October 2024,Fiction
"Fact, Fiction, and Feeling: Ecological Grief in a Changing World",by Octavia Cade,https://clarkesworldmagazine.com/cade_10_24,ISSUE 217 , October 2024,Non-fiction
Moving Further Out Into Space and Time: A Conversation with Indrapramit Das,by Arley Sorg,https://clarkesworldmagazine.com/das_interview,ISSUE 217 , October 2024,Non-fiction
Unfolding the Full Story: A Conversation with R.S.A. Garcia,by Arley Sorg,https://clarkesworldmagazine.com/garcia_interview,ISSUE 217 , October 2024,Non-fiction
Editor's Desk: Oh So It Caused That Too,by Neil Clarke,https://clarkesworldmagazine.com/clarke_10_24,ISSUE 217 , October 2024,Non-fiction
Rim World Flyer,by Robert Watts,https://clarkesworldmagazine.com/artbio_217,ISSUE 217 , October 2024,Cover
LuvHome™,by Resa Nelson,https://clarkesworldmagazine.com/nelson_11_24,ISSUE 218 , November 2024,Fiction
Mirror Stages,by Claire Jia-Wen,https://clarkesworldmagazine.com/jia-wen_11_24,ISSUE 218 , November 2024,Fiction
"Luminous Glass, Vibrant Seeds",by D.A. Xiaolin Spires,https://clarkesworldmagazine.com/spires_11_24,ISSUE 218 , November 2024,Fiction
Negative Scholarship on the Fifth State of Being,by A. W. Prihandita,https://clarkesworldmagazine.com/prihandita_11_24,ISSUE 218 , November 2024,Fiction
Duty of Care,by E.N. Auslender,https://clarkesworldmagazine.com/auslender_11_24,ISSUE 218 , November 2024,Fiction
The Slide,by Oliver Stifel,https://clarkesworldmagazine.com/stifel_11_24,ISSUE 218 , November 2024,Fiction
Technicolor Bath,by Raahem Alvi,https://clarkesworldmagazine.com/alvi_11_24,ISSUE 218 , November 2024,Fiction
Unquiet Graves,by Michael Swanwick,https://clarkesworldmagazine.com/swanwick_11_24,ISSUE 218 , November 2024,Fiction
"Martial Arts and Fight Scenes in Zero-G: Research, Training, and Depictions in Film and Reality TV",by D.A. Xiaolin Spires,https://clarkesworldmagazine.com/spires_11_24-2,ISSUE 218 , November 2024,Non-fiction
Teslapunk and Nerve Endings: A Conversation with Nalo Hopkinson,by Arley Sorg,https://clarkesworldmagazine.com/hopkinson_interview,ISSUE 218 , November 2024,Non-fiction
Cyberpunk Economics: A Conversation with Eliane Boey,by Arley Sorg,https://clarkesworldmagazine.com/boey_interview,ISSUE 218 , November 2024,Non-fiction
"Editor's Desk: I Think We Can, I Think We Can",by Neil Clarke,https://clarkesworldmagazine.com/clarke_11_24,ISSUE 218 , November 2024,Non-fiction
The Citizen of Ethos,by Pablo Munoz Gomez,https://clarkesworldmagazine.com/artbio_218,ISSUE 218 , November 2024,Cover
Stranger Seas Than These,by L Chan,https://clarkesworldmagazine.com/chan_12_24,ISSUE 219 , December 2024,Fiction
From Across Time,by Chisom Umeh,https://clarkesworldmagazine.com/umeh_12_24,ISSUE 219 , December 2024,Fiction
The Painted Skin and the Final Stroke,by Zhu Yixuan,https://clarkesworldmagazine.com/zhu_12_24,ISSUE 219 , December 2024,Fiction
Souljacker,by Shari Paul,https://clarkesworldmagazine.com/paul_12_24,ISSUE 219 , December 2024,Fiction
Lucie Loves Neutrons and the Good Samarium,by Thoraiya Dyer,https://clarkesworldmagazine.com/dyer_12_24,ISSUE 219 , December 2024,Fiction
Driver,by Sameem Siddiqui,https://clarkesworldmagazine.com/siddiqui_12_24,ISSUE 219 , December 2024,Fiction
The Coffee Machine,"by Celia Corral-Vázquez, translated by Sue Burke",https://clarkesworldmagazine.com/corral-vazquez_12_24,ISSUE 219 , December 2024,Fiction
Life Sentence,"by Gelian, translated by Blake Stone-Banks",https://clarkesworldmagazine.com/gelian_12_24,ISSUE 219 , December 2024,Fiction
Retirement Plan,by Paul Starkey,https://clarkesworldmagazine.com/starkey_12_24,ISSUE 219 , December 2024,Fiction
Martial Arts and Fight Scenes in Zero-G: Depictions in Science Fiction Literature,by D.A. Xiaolin Spires,https://clarkesworldmagazine.com/spires_12_24,ISSUE 219 , December 2024,Non-fiction
Be Prolific: A Conversation with Donato Giancola,by Arley Sorg,https://clarkesworldmagazine.com/giancola_interview,ISSUE 219 , December 2024,Non-fiction
Science Fiction is Introspection: A Conversation with Erin K. Wagner,by Arley Sorg,https://clarkesworldmagazine.com/wagner_interview,ISSUE 219 , December 2024,Non-fiction
Editor's Desk: Picking Up the Brush,by Neil Clarke,https://clarkesworldmagazine.com/clarke_12_24,ISSUE 219 , December 2024,Non-fiction
Water's Edge,by Alex Ries,https://clarkesworldmagazine.com/artbio_219,ISSUE 219 , December 2024,Cover
When There Are Two of You: A Documentary,by Zun Yu Tan,https://clarkesworldmagazine.com/tan_01_25,ISSUE 220 , January 2025,Fiction
Child of the Mountain,by Gunnar De Winter,https://clarkesworldmagazine.com/dewinter_01_25,ISSUE 220 , January 2025,Fiction
Never Eaten Vegetables,by H.H. Pak,https://clarkesworldmagazine.com/pak_01_25,ISSUE 220 , January 2025,Fiction
The Temporary Murder of Thomas Monroe,by Tia Tashiro,https://clarkesworldmagazine.com/tashiro_01_25,ISSUE 220 , January 2025,Fiction
Beyond Everything,"by Wang Yanzhong, translated by Stella Jiayue Zhu",https://clarkesworldmagazine.com/wang_01_25,ISSUE 220 , January 2025,Fiction
Autonomy,by Meg Elison,https://clarkesworldmagazine.com/elison_01_25,ISSUE 220 , January 2025,Fiction
Do Termites Celebrate Holidays?,by Priya Sridhar,https://clarkesworldmagazine.com/sridhar_01_25,ISSUE 220 , January 2025,Non-fiction
Finishing the Read: A Conversation with Diana M. Pho,by Arley Sorg,https://clarkesworldmagazine.com/pho_interview_2025,ISSUE 220 , January 2025,Non-fiction
Humbled By Love: A Conversation with LaShawn M. Wanak,by Arley Sorg,https://clarkesworldmagazine.com/wanak_interview,ISSUE 220 , January 2025,Non-fiction
Editor's Desk: 2024 in Review,by Neil Clarke,https://clarkesworldmagazine.com/clarke_01_25,ISSUE 220 , January 2025,Non-fiction
Landscape Painter,by Alex Rommel,https://clarkesworldmagazine.com/artbio_220,ISSUE 220 , January 2025,Cover
Bodyhoppers,"by Rocío Vega, translated by Sue Burke",https://clarkesworldmagazine.com/vega_02_25,ISSUE 221 , February 2025,Fiction
King of the Castle,by Fiona Moore,https://clarkesworldmagazine.com/moore_02_25,ISSUE 221 , February 2025,Fiction
We Begin Where Infinity Ends,by Somto Ihezue,https://clarkesworldmagazine.com/ihezue_02_25,ISSUE 221 , February 2025,Fiction
A Planet Full of Sorrows,by M. L. Clark,https://clarkesworldmagazine.com/clark_02_25,ISSUE 221 , February 2025,Fiction
The Hanging Tower of Babel,"by Wang Zhenzhen, translated by Carmen Yiling Yan",https://clarkesworldmagazine.com/wang_02_25,ISSUE 221 , February 2025,Fiction
Numismatic Archetypes in the Year of Five Regents,by Louis Inglis Hall,https://clarkesworldmagazine.com/hall_02_25,ISSUE 221 , February 2025,Fiction
Celestial Migrations,by Claire Jia-Wen,https://clarkesworldmagazine.com/jia-wen_02_25,ISSUE 221 , February 2025,Fiction
Rolling the Dice: Tabletop Adaptations of Speculative Fiction,by Kyle Tam,https://clarkesworldmagazine.com/tam_02_25,ISSUE 221 , February 2025,Non-fiction
Special Arrangements: A Conversation with Sean Markey,by Arley Sorg,https://clarkesworldmagazine.com/markey_interview,ISSUE 221 , February 2025,Non-fiction
Weird and Queer: A Conversation with dave ring,by Arley Sorg,https://clarkesworldmagazine.com/ring_interview,ISSUE 221 , February 2025,Non-fiction
Editor's Desk: 2024 Readers' Poll Finalists,by Neil Clarke,https://clarkesworldmagazine.com/clarke_02_25,ISSUE 221 , February 2025,Non-fiction
Deploying for a Mission,by Hamish Frater,https://clarkesworldmagazine.com/artbio_221,ISSUE 221 , February 2025,Cover
"From Enceladus, with Love",by Ryan Cole,https://clarkesworldmagazine.com/cole_03_25,ISSUE 222 , March 2025,Fiction
Pollen,"by Anna Burdenko, translated by Alex Shvartsman",https://clarkesworldmagazine.com/burdenko_03_25,ISSUE 222 , March 2025,Fiction
Mindtrips,by Tlotlo Tsamaase,https://clarkesworldmagazine.com/tsamaase_03_25,ISSUE 222 , March 2025,Fiction
Those Uncaring Waves,by Yukimi Ogawa,https://clarkesworldmagazine.com/ogawa_03_25,ISSUE 222 , March 2025,Fiction
Hook and Line,by Koji A. Dae,https://clarkesworldmagazine.com/dae_03_25,ISSUE 222 , March 2025,Fiction
The Sound of the Star,"by Ren Zeyu, translated by Jay Zhang",https://clarkesworldmagazine.com/ren_03_25,ISSUE 222 , March 2025,Fiction
Funerary Habits of Low Entropy Entities,by Damián Neri,https://clarkesworldmagazine.com/neri_03_25,ISSUE 222 , March 2025,Fiction
"For Sustainable Space Colonies, Let There Be Soil",by Gunnar De Winter,https://clarkesworldmagazine.com/de_winter_03_25,ISSUE 222 , March 2025,Non-fiction
Falling for Characters: A Conversation with Lee Harris,by Arley Sorg,https://clarkesworldmagazine.com/harris_interview,ISSUE 222 , March 2025,Non-fiction
Permission to Experiment: An Interview with Julie Dillon,by Arley Sorg,https://clarkesworldmagazine.com/dillon_interview_2025,ISSUE 222 , March 2025,Non-fiction
Editor's Desk: The Best from 2024,by Neil Clarke,https://clarkesworldmagazine.com/clarke_03_25,ISSUE 222 , March 2025,Non-fiction
Joust,by Pascal Blanché,https://clarkesworldmagazine.com/artbio_222,ISSUE 222 , March 2025,Cover
"Through These Moments, Darkly",by Samantha Murray,https://clarkesworldmagazine.com/murray_04_25,ISSUE 223 , April 2025,Fiction
The Seed,by Sheri Singerling,https://clarkesworldmagazine.com/singerling_04_25,ISSUE 223 , April 2025,Fiction
Aegiopolis Testudo,by Gordon Li,https://clarkesworldmagazine.com/li_04_25,ISSUE 223 , April 2025,Fiction
Still Water,"by Zhang Ran, translated by Andy Dudak",https://clarkesworldmagazine.com/zhang_04_25,ISSUE 223 , April 2025,Fiction
Symbiotic,by Carolyn Zhao,https://clarkesworldmagazine.com/zhao_04_25,ISSUE 223 , April 2025,Fiction
In My Country,by Thomas Ha,https://clarkesworldmagazine.com/ha_04_25,ISSUE 223 , April 2025,Fiction
An Even Greater Cold to Come,by Rich Larson,https://clarkesworldmagazine.com/larson_04_25,ISSUE 223 , April 2025,Fiction
Climate Change and the Shifting Disease Landscape,by Victoria Brun,https://clarkesworldmagazine.com/brun_04_25,ISSUE 223 , April 2025,Non-fiction
Unreliable Characters: A Conversation with Ai Jiang,by Arley Sorg,https://clarkesworldmagazine.com/jiang_interview,ISSUE 223 , April 2025,Non-fiction
Unapologetically Strange: A Conversation with Natalia Theodoridou,by Arley Sorg,https://clarkesworldmagazine.com/theodoridou_interview,ISSUE 223 , April 2025,Non-fiction
Editor's Desk: Perhaps Light Gray?,by Neil Clarke,https://clarkesworldmagazine.com/clarke_04_25,ISSUE 223 , April 2025,Non-fiction
Naï Naï's Arrival & Rituals,by Thomas Brissot,https://clarkesworldmagazine.com/artbio_223,ISSUE 223 , April 2025,Cover
"Brainstem Disco, 2191",by Angela Liu,https://clarkesworldmagazine.com/liu_05_25,ISSUE 224 , May 2025,Fiction
The Library of the Apocalypse,by Rati Mehrotra,https://clarkesworldmagazine.com/mehrotra_05_25,ISSUE 224 , May 2025,Fiction
"We, the Fleet",by Alex T. Singer,https://clarkesworldmagazine.com/singer_05_25,ISSUE 224 , May 2025,Fiction
Descent,by Wole Talabi,https://clarkesworldmagazine.com/talabi_05_25,ISSUE 224 , May 2025,Fiction
Oh Time Thy Pyramids,by Ann LeBlanc,https://clarkesworldmagazine.com/leblanc_05_25,ISSUE 224 , May 2025,Fiction
Proxima One,"by Caryanna Reuven, translated by Sue Burke",https://clarkesworldmagazine.com/reuven_05_25,ISSUE 224 , May 2025,Fiction
Yarn Theory,by Marie Vibbert,https://clarkesworldmagazine.com/vibbert_05_25,ISSUE 224 , May 2025,Fiction
"Symbiosis and Holobionts, or Life Is a Manifold",by Gunnar De Winter,https://clarkesworldmagazine.com/dewinter_05_25,ISSUE 224 , May 2025,Non-fiction
Dialogue Only: A Conversation with Jane Espenson,by Arley Sorg,https://clarkesworldmagazine.com/espenson_interview,ISSUE 224 , May 2025,Non-fiction
Inside the Science Fiction Studio: A Conversation with David Barr Kirtley,by Arley Sorg,https://clarkesworldmagazine.com/kirtley_interview,ISSUE 224 , May 2025,Non-fiction
Editor's Desk: From Unusual Places,by Neil Clarke,https://clarkesworldmagazine.com/clarke_05_25,ISSUE 224 , May 2025,Non-fiction
Jungleman II,by Arthur Haas,https://clarkesworldmagazine.com/artbio_224,ISSUE 224 , May 2025,Cover
Emily of Emerald Starship,by Ng Yi-Sheng,https://clarkesworldmagazine.com/yi-sheng_06_25,ISSUE 225 , June 2025,Fiction
If an Algorithm Can Cast a Shadow,by Claire Jia-Wen,https://clarkesworldmagazine.com/jia-wen_06_25,ISSUE 225 , June 2025,Fiction
In the Shells of Broken Things,by A. T. Greenblatt,https://clarkesworldmagazine.com/greenblatt_06_25,ISSUE 225 , June 2025,Fiction
The Eighth Pyramid,by Louis Inglis Hall,https://clarkesworldmagazine.com/hall_06_25,ISSUE 225 , June 2025,Fiction
Faces of the Antipode,by Matthew Marcus,https://clarkesworldmagazine.com/marcus_06_25,ISSUE 225 , June 2025,Fiction
The Last Lunar New Year,by Derek Künsken,https://clarkesworldmagazine.com/kunsken_06_25,ISSUE 225 , June 2025,Fiction
The Last to Survive,by Rita Chang-Eppig,https://clarkesworldmagazine.com/chang-eppig_06_25,ISSUE 225 , June 2025,Fiction
Outlier,by R.L. Meza,https://clarkesworldmagazine.com/meza_06_25,ISSUE 225 , June 2025,Fiction
Destination: Jupiter,by Andrew Liptak,https://clarkesworldmagazine.com/liptak_06_25,ISSUE 225 , June 2025,Non-fiction
STEM Lesbians in Space! A Conversation with Elizabeth Bear,by Arley Sorg,https://clarkesworldmagazine.com/bear_interview_2025,ISSUE 225 , June 2025,Non-fiction
Reality-Breaking Cosmic Stakes: A Conversation with Matthew Kressel,by Arley Sorg,https://clarkesworldmagazine.com/kressel_interview,ISSUE 225 , June 2025,Non-fiction
Editor's Desk: Wrapping Back Around to Marketing,by Neil Clarke,https://clarkesworldmagazine.com/clarke_06_25,ISSUE 225 , June 2025,Non-fiction
Azarax,by Marcel Deneuve,https://clarkesworldmagazine.com/artbio_225,ISSUE 225 , June 2025,Cover
Missing Helen,by Tia Tashiro,https://clarkesworldmagazine.com/tashiro_07_25,ISSUE 226 , July 2025,Fiction
The Walled Garden,by Fiona Moore,https://clarkesworldmagazine.com/moore_07_25,ISSUE 226 , July 2025,Fiction
Welcome to Kearney,by Gary Kloster,https://clarkesworldmagazine.com/kloster_07_25,ISSUE 226 , July 2025,Fiction
Serpent Carriers,"by K.A. Teryna, translated by Alex Shvartsman",https://clarkesworldmagazine.com/teryna_07_25,ISSUE 226 , July 2025,Fiction
Bits and Pieces on This Floor,by Eric Del Carlo,https://clarkesworldmagazine.com/delcarlo_07_25,ISSUE 226 , July 2025,Fiction
A Land Called Folly,by Amal Singh,https://clarkesworldmagazine.com/singh_07_25,ISSUE 226 , July 2025,Fiction
Hunter Harvester,by Bam Bruin,https://clarkesworldmagazine.com/bruin_07_25,ISSUE 226 , July 2025,Fiction
Wilderness Resurrection and Compromise,by Priya Sridhar,https://clarkesworldmagazine.com/sridhar_07_25,ISSUE 226 , July 2025,Non-fiction
Who Owns A Story: An Interview with Allison King,by Arley Sorg,https://clarkesworldmagazine.com/king_interview_2025,ISSUE 226 , July 2025,Non-fiction
Diverse Bodies: A Conversation with Annalee Newitz,by Arley Sorg,https://clarkesworldmagazine.com/newitz_interview_2025,ISSUE 226 , July 2025,Non-fiction
Editor's Desk: Taking a Moment to Smell the Roses,by Neil Clarke,https://clarkesworldmagazine.com/clarke_07_25,ISSUE 226 , July 2025,Non-fiction
Alone,by Matt Dixon,https://clarkesworldmagazine.com/artbio_226,ISSUE 226 , July 2025,Cover
A Shaky Bridge,by Marissa Lingen,https://clarkesworldmagazine.com/lingen_08_25,ISSUE 227 , August 2025,Fiction
And The Planet Loved Him,by L Chan,https://clarkesworldmagazine.com/chan_08_25,ISSUE 227 , August 2025,Fiction
Sleeper,by R.T. Ester,https://clarkesworldmagazine.com/ester_08_25,ISSUE 227 , August 2025,Fiction
Memories Are Only Valuable if They Can Be Lost,by Ai Jiang,https://clarkesworldmagazine.com/jiang_08_25,ISSUE 227 , August 2025,Fiction
Sea of Fertility,by Bella Han,https://clarkesworldmagazine.com/han_08_25,ISSUE 227 , August 2025,Fiction
Heart of Thunder,by Raahem Alvi,https://clarkesworldmagazine.com/alvi_08_25,ISSUE 227 , August 2025,Fiction
A Dream of Twin Sunsets,by Ryan Cole,https://clarkesworldmagazine.com/cole_08_25,ISSUE 227 , August 2025,Fiction
Vwooom!,by Uchechukwu Nwaka,https://clarkesworldmagazine.com/nwaka_08_25,ISSUE 227 , August 2025,Fiction
The Rebellion is Real: 1984 and The Handmaid's Tale in 2025,by Carrie Sessarego,https://clarkesworldmagazine.com/sessarego_08_25,ISSUE 227 , August 2025,Non-fiction
"Women, Technology, and the Future: A Conversation with Brenda Cooper",by Arley Sorg,https://clarkesworldmagazine.com/cooper_interview_2025,ISSUE 227 , August 2025,Non-fiction
Tactical Ballgowns and Genre Turduckens: A Conversation with Fran Wilde,by Arley Sorg,https://clarkesworldmagazine.com/wilde_interview_2025,ISSUE 227 , August 2025,Non-fiction
Editor's Desk: The Future of Dealing with AI Submissions,by Neil Clarke,https://clarkesworldmagazine.com/clarke_08_25,ISSUE 227 , August 2025,Non-fiction
Blue Ship,by Pascal Blanché,https://clarkesworldmagazine.com/artbio_227,ISSUE 227 , August 2025,Cover
Abstraction Is When I Design Giant Death Creatures and Attraction Is When I Do It for You,by Claire Jia-Wen,https://clarkesworldmagazine.com/jia-wen_09_25,ISSUE 228 , September 2025,Fiction
Wireworks,by Sheri Singerling,https://clarkesworldmagazine.com/singerling_09_25,ISSUE 228 , September 2025,Fiction
Four People I Need You to Kill Before the Dance Begins,by Louis Inglis Hall,https://clarkesworldmagazine.com/hall_09_25,ISSUE 228 , September 2025,Fiction
Aperture,by Alexander Jablokov,https://clarkesworldmagazine.com/jablokov_09_25,ISSUE 228 , September 2025,Fiction
The Fury of the Glowmen,by David McGillveray,https://clarkesworldmagazine.com/mcgillveray_09_25,ISSUE 228 , September 2025,Fiction
Five Impossible Things,by Koji A. Dae,https://clarkesworldmagazine.com/dae_09_25,ISSUE 228 , September 2025,Fiction
A World of Their Own,by Robert Falco,https://clarkesworldmagazine.com/falco_09_25,ISSUE 228 , September 2025,Fiction
What A Cup of Coffee Can Teach Us About Science,by Douglas F. Dluzen,https://clarkesworldmagazine.com/dluzen_09_25,ISSUE 228 , September 2025,Non-fiction
Brutality and Whimsy: A Conversation with Martin Cahill,by Arley Sorg,https://clarkesworldmagazine.com/cahill_interview_2025,ISSUE 228 , September 2025,Non-fiction
"Fear, Indecision, and Doubt: A Conversation with Thomas Ha",by Arley Sorg,https://clarkesworldmagazine.com/ha_interview_2025,ISSUE 228 , September 2025,Non-fiction
Editor's Desk: Aftermath of a Worldcon,by Neil Clarke,https://clarkesworldmagazine.com/clarke_09_25,ISSUE 228 , September 2025,Non-fiction
The Key,by Ninja Jo,https://clarkesworldmagazine.com/artbio_228,ISSUE 228 , September 2025,Cover
Wire Mother,by Isabel J. Kim,https://clarkesworldmagazine.com/kim_10_25,ISSUE 229 , October 2025,Fiction
The Cancer Wolves,by Fiona Moore,https://clarkesworldmagazine.com/moore_10_25,ISSUE 229 , October 2025,Fiction
Crabs Don't Scream,by H.H. Pak,https://clarkesworldmagazine.com/pak_10_25,ISSUE 229 , October 2025,Fiction
Understudies,by Greg Egan,https://clarkesworldmagazine.com/egan_10_25,ISSUE 229 , October 2025,Fiction
Giant Grandmother,"by Liu Maijia, translated by Blake Stone-Banks",https://clarkesworldmagazine.com/liu_10_25,ISSUE 229 , October 2025,Fiction
The Job Interview,by Carrie Vaughn,https://clarkesworldmagazine.com/vaughn_10_25,ISSUE 229 , October 2025,Fiction
"In Luck's Panoply Clad, I Stand",by Phoebe Barton,https://clarkesworldmagazine.com/barton_10_25,ISSUE 229 , October 2025,Fiction
Space Bears and Engineering the Next Generation of Astronauts,by Gunnar De Winter,https://clarkesworldmagazine.com/de_winter_10_25,ISSUE 229 , October 2025,Non-fiction
"Memory, Loss, and Memory Loss: A Conversation with Rich Larson",by Arley Sorg,https://clarkesworldmagazine.com/larson_interview_2025,ISSUE 229 , October 2025,Non-fiction
Technology as a Language: A Conversation with Ken Liu,by Arley Sorg,https://clarkesworldmagazine.com/liu_interview_2025,ISSUE 229 , October 2025,Non-fiction
Editor's Desk: Nineteen,by Neil Clarke,https://clarkesworldmagazine.com/clarke_10_25,ISSUE 229 , October 2025,Non-fiction
Overgrowth,by Quentin Stipp,https://clarkesworldmagazine.com/artbio_229,ISSUE 229 , October 2025,Cover
The Stone Played at Tengen,by R.H. Wesley,https://clarkesworldmagazine.com/wesley_11_25,ISSUE 230 , November 2025,Fiction
Jade Fighter,by D.A. Xiaolin Spires,https://clarkesworldmagazine.com/spires_11_25,ISSUE 230 , November 2025,Fiction
The Apologists,by Tade Thompson,https://clarkesworldmagazine.com/thompson_11_25,ISSUE 230 , November 2025,Fiction
Trees at Night,"by Ramiro Sanchiz, translated by Sue Burke",https://clarkesworldmagazine.com/sanchiz_11_25,ISSUE 230 , November 2025,Fiction
Prerequisites for the Creation of a Possible Predicted World,by Chisom Umeh,https://clarkesworldmagazine.com/umeh_11_25,ISSUE 230 , November 2025,Fiction
Ratlines,by Brent Baldwin,https://clarkesworldmagazine.com/baldwin_11_25,ISSUE 230 , November 2025,Fiction
The Fire Burns Anyway,by Kemi Ashing-Giwa,https://clarkesworldmagazine.com/ashing-giwa_11_25,ISSUE 230 , November 2025,Fiction
What is the Retirement Age of a Jedi?,by João Pedro de Magalhães,https://clarkesworldmagazine.com/de_magalhaes_11_25,ISSUE 230 , November 2025,Non-fiction
Breaking Bones: A Conversation with K.A. Teryna,by Arley Sorg,https://clarkesworldmagazine.com/teryna_interview_2025,ISSUE 230 , November 2025,Non-fiction
Needing to Make Sense of the World: A Conversation with R.T. Ester,by Arley Sorg,https://clarkesworldmagazine.com/ester_interview_2025,ISSUE 230 , November 2025,Non-fiction
Editor's Desk: Four from our Readers,by Neil Clarke,https://clarkesworldmagazine.com/clarke_11_25,ISSUE 230 , November 2025,Non-fiction
Neo Mars,by Guy Warley,https://clarkesworldmagazine.com/artbio_230,ISSUE 230 , November 2025,Cover
Tomorrow. Today.,by R.T. Ester,https://clarkesworldmagazine.com/ester_12_25,ISSUE 231 , December 2025,Fiction
Imperfect Simulations,by Michelle Z. Jin,https://clarkesworldmagazine.com/jin_12_25,ISSUE 231 , December 2025,Fiction
The Cold Burns,by Anne Wilkins,https://clarkesworldmagazine.com/wilkins_12_25,ISSUE 231 , December 2025,Fiction
The Hole,by Ferenc Samsa,https://clarkesworldmagazine.com/samsa_12_25,ISSUE 231 , December 2025,Fiction
Between Here and Everywhere,by Robert Reed,https://clarkesworldmagazine.com/reed_12_25,ISSUE 231 , December 2025,Fiction
This Sepulchral Aegis,by Rob Gillham,https://clarkesworldmagazine.com/gillham_12_25,ISSUE 231 , December 2025,Fiction
Home Grown,by Madeleine Vigneron,https://clarkesworldmagazine.com/vigneron_12_25,ISSUE 231 , December 2025,Fiction
Decoding Animal (and Alien?) Language,by Gunnar De Winter,https://clarkesworldmagazine.com/dewinter_12_25,ISSUE 231 , December 2025,Non-fiction
Allegory and Worldbuilding: A Conversation with Simon Stålenhag,by Arley Sorg,https://clarkesworldmagazine.com/stalenhag_interview_2025,ISSUE 231 , December 2025,Non-fiction
"Climate, Hope, and the Global Community: A Conversation with Ed Finn and Joey Eschrich",by Arley Sorg,https://clarkesworldmagazine.com/finn-eschrich_interview_2025,ISSUE 231 , December 2025,Non-fiction
Editor's Desk: The End of the Year,by Neil Clarke,https://clarkesworldmagazine.com/clarke_12_25,ISSUE 231 , December 2025,Non-fiction
The Brood,by Kristin Kest,https://clarkesworldmagazine.com/artbio_231,ISSUE 231 , December 2025,Cover
